,Country,Ano,Tax_%_GDP
0,"Afghanistan, Islamic Rep. of",2001,0.0
1,Albania,2001,0.0
2,Argentina,2001,12.17840659148163
3,"Armenia, Rep. of",2001,0.0
4,Australia,2001,29.53148315576278
5,Austria,2001,45.19032762725307
6,"Azerbaijan, Rep. of",2001,0.0
7,"Bahamas, The",2001,9.85954075172725
8,"Bahrain, Kingdom of",2001,2.21424611865949
9,Barbados,2001,0.0
10,"Belarus, Rep. of",2001,39.93964303602974
11,Belgium,2001,45.69171695008236
12,Bolivia,2001,4.914080582387829
13,Bosnia and Herzegovina,2001,0.0
14,Brazil,2001,0.0
15,Bulgaria,2001,109.924945834805
16,Burkina Faso,2001,0.0
17,Cabo Verde,2001,0.0
18,Cambodia,2001,0.0
19,Canada,2001,33.92637934966182
20,Central African Rep.,2001,0.0
21,Chile,2001,1.50016888335908
22,"China, P.R.: Macao",2001,16.56178477536654
23,"China, P.R.: Mainland",2001,10.12652107974249
24,Colombia,2001,2.906160673337355
25,"Congo, Rep. of",2001,9.84049179227172
26,Costa Rica,2001,5.82594365070408
27,"Croatia, Rep. of",2001,37.91211722556465
28,Cyprus,2001,28.03300370503377
29,Czech Rep.,2001,32.39930891317452
30,Côte d'Ivoire,2001,1.00674598075548
31,Denmark,2001,47.37824875357821
32,Dominican Rep.,2001,0.518675662887719
33,"Egypt, Arab Rep. of",2001,0.0
34,El Salvador,2001,2.725008609789682
35,"Estonia, Rep. of",2001,30.38369445275345
36,"Ethiopia, The Federal Dem. Rep. of",2001,2.4494529772817
37,Finland,2001,43.18873247227365
38,France,2001,44.69210765830192
39,Georgia,2001,14.46856221687802
40,Germany,2001,39.83558415495235
41,Ghana,2001,0.0
42,Greece,2001,33.54449671989927
43,Guatemala,2001,0.0
44,Honduras,2001,0.0
45,Hungary,2001,38.12594569671464
46,Iceland,2001,33.97995362467183
47,India,2001,5.36533550594013
48,Indonesia,2001,0.341004786856092
49,"Iran, Islamic Rep. of",2001,15.67608140095366
50,Ireland,2001,29.73710899425828
51,Israel,2001,35.60913649149337
52,Italy,2001,39.94031297349356
53,Jamaica,2001,0.621909004497283
54,Japan,2001,26.72776105921761
55,Jordan,2001,0.0
56,"Kazakhstan, Rep. of",2001,9.91696962705232
57,Kenya,2001,0.0
58,Kiribati,2001,0.0
59,"Korea, Rep. of",2001,0.0
60,Kuwait,2001,1.0377614270622
61,Kyrgyz Rep.,2001,2.0173706372076
62,Latvia,2001,28.71771764084312
63,"Lesotho, Kingdom of",2001,0.0
64,Liberia,2001,0.0
65,Lithuania,2001,29.37778091274599
66,Luxembourg,2001,38.95020591538754
67,"Madagascar, Rep. of",2001,8.11154261627171
68,Malawi,2001,0.0
69,Malaysia,2001,17.24999583339842
70,Maldives,2001,10.655792434472
71,Malta,2001,29.86114497588218
72,"Marshall Islands, Rep. of the",2001,0.0
73,Mauritius,2001,0.922347688112018
74,Mexico,2001,0.0
75,"Micronesia, Federated States of",2001,0.0
76,"Moldova, Rep. of",2001,12.71236416642841
77,Mongolia,2001,20.57023179043723
78,Morocco,2001,0.0
79,Myanmar,2001,0.0
80,Namibia,2001,0.0
81,"Nauru, Rep. of",2001,0.0
82,Nepal,2001,0.0
83,"Netherlands, The",2001,36.03690537705364
84,New Zealand,2001,31.46986138613861
85,Nicaragua,2001,2.5627654720491
86,"North Macedonia, Republic of",2001,0.0
87,Norway,2001,42.20404588619223
88,"Palau, Rep. of",2001,0.0
89,Panama,2001,0.0
90,Paraguay,2001,0.0
91,Peru,2001,15.23508869953908
92,"Poland, Rep. of",2001,33.88030922683305
93,Portugal,2001,33.06898172050693
94,Romania,2001,29.01583932042722
95,Russian Federation,2001,15.68508975699553
96,Rwanda,2001,0.0
97,Samoa,2001,0.0
98,"San Marino, Rep. of",2001,0.0
99,Saudi Arabia,2001,0.0
100,Senegal,2001,0.0
101,"Serbia, Rep. of",2001,0.0
102,Seychelles,2001,0.0
103,Singapore,2001,14.5855191514965
104,Slovak Rep.,2001,32.86351137041512
105,"Slovenia, Rep. of",2001,37.99856722007592
106,Somalia,2001,0.0
107,South Africa,2001,26.28968860883394
108,Spain,2001,33.52216070631226
109,Sri Lanka,2001,0.332143338797757
110,Sweden,2001,46.85295664749928
111,Switzerland,2001,26.36674901740498
112,"Tajikistan, Rep. of",2001,14.23102426086278
113,"Tanzania, United Rep. of",2001,0.0
114,Thailand,2001,1.734162257406501
115,"Timor-Leste, Dem. Rep. of",2001,0.0
116,Trinidad and Tobago,2001,21.77705493846753
117,Tunisia,2001,4.55232719300456
118,Turkey,2001,0.0
119,Uganda,2001,0.25886715266443
120,Ukraine,2001,29.27973466262697
121,United Arab Emirates,2001,0.0
122,United Kingdom,2001,32.96189744152844
123,United States,2001,27.53516869567683
124,Uruguay,2001,19.99025172076232
125,"Uzbekistan, Rep. of",2001,0.0
126,West Bank and Gaza,2001,0.0
127,Zambia,2001,0.185996386769007
128,"Afghanistan, Islamic Rep. of",2002,0.0
129,Albania,2002,20.56614145906732
130,Argentina,2002,17.60771190793324
131,"Armenia, Rep. of",2002,0.0
132,Australia,2002,27.96585192076543
133,Austria,2002,43.98053589361685
134,"Azerbaijan, Rep. of",2002,0.0
135,"Bahamas, The",2002,8.99908519331234
136,"Bahrain, Kingdom of",2002,1.46374671266982
137,Barbados,2002,0.0
138,"Belarus, Rep. of",2002,39.06280717068028
139,Belgium,2002,45.96991820826697
140,Bolivia,2002,18.77437050491699
141,Bosnia and Herzegovina,2002,0.0
142,Brazil,2002,0.0
143,Bulgaria,2002,127.1829706975714
144,Burkina Faso,2002,0.0
145,Cabo Verde,2002,0.0
146,Cambodia,2002,0.0
147,Canada,2002,32.9737771991817
148,Central African Rep.,2002,0.0
149,Chile,2002,1.50510939005431
150,"China, P.R.: Macao",2002,17.3967907330418
151,"China, P.R.: Mainland",2002,8.943026332641491
152,Colombia,2002,3.546013343836425
153,"Congo, Rep. of",2002,8.827994052602431
154,Costa Rica,2002,21.43748740464011
155,"Croatia, Rep. of",2002,37.71412591852104
156,Cyprus,2002,27.99925907839457
157,Czech Rep.,2002,33.31497572261727
158,Côte d'Ivoire,2002,0.0
159,Denmark,2002,46.8581238229221
160,Dominican Rep.,2002,0.48820259043707
161,"Egypt, Arab Rep. of",2002,12.7513731632648
162,El Salvador,2002,14.98476019014226
163,"Estonia, Rep. of",2002,31.08309534705941
164,"Ethiopia, The Federal Dem. Rep. of",2002,12.99665238922901
165,Finland,2002,43.35896986921322
166,France,2002,43.98231799519971
167,Georgia,2002,14.30967004902353
168,Germany,2002,39.4589922297236
169,Ghana,2002,0.0
170,Greece,2002,34.78362804012781
171,Guatemala,2002,0.0
172,Honduras,2002,0.0
173,Hungary,2002,37.52785886360558
174,Iceland,2002,33.67907138773428
175,India,2002,5.33070152294232
176,Indonesia,2002,0.966523948587577
177,"Iran, Islamic Rep. of",2002,13.25296552457273
178,Ireland,2002,29.02776658480271
179,Israel,2002,34.75664916807634
180,Italy,2002,39.63050024513833
181,Jamaica,2002,0.615899556692749
182,Japan,2002,25.68260546502988
183,Jordan,2002,0.0
184,"Kazakhstan, Rep. of",2002,7.80021200758418
185,Kenya,2002,0.0
186,Kiribati,2002,0.0
187,"Korea, Rep. of",2002,0.0
188,Kuwait,2002,1.18214529169651
189,Kyrgyz Rep.,2002,0.0
190,Latvia,2002,28.02456522407154
191,"Lesotho, Kingdom of",2002,0.0
192,Liberia,2002,0.0
193,Lithuania,2002,29.05140820950578
194,Luxembourg,2002,38.7320220286436
195,"Madagascar, Rep. of",2002,6.30179655598247
196,Malawi,2002,0.0
197,Malaysia,2002,0.0
198,Maldives,2002,10.2976156215988
199,Malta,2002,30.72634012150776
200,"Marshall Islands, Rep. of the",2002,0.0
201,Mauritius,2002,15.71941483757115
202,Mexico,2002,0.0
203,"Micronesia, Federated States of",2002,0.0
204,"Moldova, Rep. of",2002,25.12872709164953
205,Mongolia,2002,20.13325459568792
206,Morocco,2002,23.97762944810289
207,Myanmar,2002,0.0
208,Namibia,2002,0.0
209,"Nauru, Rep. of",2002,0.0
210,Nepal,2002,0.0
211,"Netherlands, The",2002,35.58428134422329
212,New Zealand,2002,30.89512479798883
213,Nicaragua,2002,2.97870178247717
214,"North Macedonia, Republic of",2002,0.0
215,Norway,2002,42.49852340704123
216,"Palau, Rep. of",2002,0.0
217,Panama,2002,0.0
218,Paraguay,2002,0.0
219,Peru,2002,14.71329489517347
220,"Poland, Rep. of",2002,34.00261926076372
221,Portugal,2002,33.76441171147534
222,Romania,2002,28.45548904424007
223,Russian Federation,2002,33.24095801014612
224,Rwanda,2002,0.0
225,Samoa,2002,0.0
226,"San Marino, Rep. of",2002,25.87285353100135
227,Saudi Arabia,2002,0.0
228,Senegal,2002,0.0
229,"Serbia, Rep. of",2002,0.0
230,Seychelles,2002,0.0
231,Singapore,2002,12.6887393397993
232,Slovak Rep.,2002,32.97608325854889
233,"Slovenia, Rep. of",2002,38.49860077201718
234,Somalia,2002,0.0
235,South Africa,2002,25.4676672704793
236,Spain,2002,33.97269302196517
237,Sri Lanka,2002,0.319807306361872
238,Sweden,2002,45.22290419714776
239,Switzerland,2002,26.9357634109406
240,"Tajikistan, Rep. of",2002,0.0
241,"Tanzania, United Rep. of",2002,0.0
242,Thailand,2002,15.20463888820409
243,"Timor-Leste, Dem. Rep. of",2002,0.0
244,Trinidad and Tobago,2002,20.1432153960396
245,Tunisia,2002,4.70165221937194
246,Turkey,2002,0.0
247,Uganda,2002,0.25204985746036
248,Ukraine,2002,31.41248519688683
249,United Arab Emirates,2002,0.0
250,United Kingdom,2002,32.0768967163465
251,United States,2002,25.29946839172485
252,Uruguay,2002,19.66630325771719
253,"Uzbekistan, Rep. of",2002,0.0
254,West Bank and Gaza,2002,0.0
255,Zambia,2002,0.20793615029376
256,"Afghanistan, Islamic Rep. of",2003,0.0
257,Albania,2003,21.36785978939327
258,Argentina,2003,20.69952890950259
259,"Armenia, Rep. of",2003,3.170235125052417
260,Australia,2003,28.84461583440249
261,Austria,2003,43.67216345894662
262,"Azerbaijan, Rep. of",2003,0.0
263,"Bahamas, The",2003,9.28851877400672
264,"Bahrain, Kingdom of",2003,1.32079582788516
265,Barbados,2003,37.1434013693559
266,"Belarus, Rep. of",2003,42.9565191944852
267,Belgium,2003,45.3476694606349
268,Bolivia,2003,18.8276872166219
269,Bosnia and Herzegovina,2003,12.6888514218097
270,Brazil,2003,0.0
271,Bulgaria,2003,151.628996990085
272,Burkina Faso,2003,0.0
273,Cabo Verde,2003,0.0
274,Cambodia,2003,0.0
275,Canada,2003,32.68340151440887
276,Central African Rep.,2003,0.0
277,Chile,2003,1.50714944214086
278,"China, P.R.: Macao",2003,20.19617632416167
279,"China, P.R.: Mainland",2003,8.87050080533979
280,Colombia,2003,4.490107728804448
281,"Congo, Rep. of",2003,9.393113852762623
282,Costa Rica,2003,21.44778329041259
283,"Croatia, Rep. of",2003,37.09976692683139
284,Cyprus,2003,28.80664523210822
285,Czech Rep.,2003,34.01796807595805
286,Côte d'Ivoire,2003,0.886397036063607
287,Denmark,2003,47.00396937256346
288,Dominican Rep.,2003,12.14749222186806
289,"Egypt, Arab Rep. of",2003,12.6963845579395
290,El Salvador,2003,15.48108940719873
291,"Estonia, Rep. of",2003,30.88529599447421
292,"Ethiopia, The Federal Dem. Rep. of",2003,2.301855599946317
293,Finland,2003,42.41477703312705
294,France,2003,43.88599504742239
295,Georgia,2003,13.95414041411407
296,Germany,2003,39.82152950166623
297,Ghana,2003,0.0
298,Greece,2003,33.11686847505023
299,Guatemala,2003,0.0
300,Honduras,2003,17.19778627033886
301,Hungary,2003,37.3659330072822
302,Iceland,2003,35.18270426138859
303,India,2003,5.65281912572286
304,Indonesia,2003,0.495961889713907
305,"Iran, Islamic Rep. of",2003,14.35487360558395
306,Ireland,2003,29.72512759570539
307,Israel,2003,34.06456024397276
308,Italy,2003,39.85844913540118
309,Jamaica,2003,0.641163614993297
310,Japan,2003,25.44142838766032
311,Jordan,2003,0.0
312,"Kazakhstan, Rep. of",2003,7.45569555809002
313,Kenya,2003,0.0
314,Kiribati,2003,0.0
315,"Korea, Rep. of",2003,0.0
316,Kuwait,2003,1.32561809573908
317,Kyrgyz Rep.,2003,0.0
318,Latvia,2003,27.67970013037129
319,"Lesotho, Kingdom of",2003,30.50489659239918
320,Liberia,2003,0.0
321,Lithuania,2003,28.68521732863259
322,Luxembourg,2003,38.96838604235558
323,"Madagascar, Rep. of",2003,0.0
324,Malawi,2003,0.0
325,Malaysia,2003,0.0
326,Maldives,2003,9.42071798808694
327,Malta,2003,30.5869508275889
328,"Marshall Islands, Rep. of the",2003,0.0
329,Mauritius,2003,16.6801143628685
330,Mexico,2003,0.0
331,"Micronesia, Federated States of",2003,0.0
332,"Moldova, Rep. of",2003,27.88378603390615
333,Mongolia,2003,20.79978590766047
334,Morocco,2003,23.67183580968825
335,Myanmar,2003,0.0
336,Namibia,2003,0.0
337,"Nauru, Rep. of",2003,0.0
338,Nepal,2003,0.0
339,"Netherlands, The",2003,35.34174450576244
340,New Zealand,2003,32.24630950195576
341,Nicaragua,2003,3.07050524880824
342,"North Macedonia, Republic of",2003,0.0
343,Norway,2003,41.77527902663908
344,"Palau, Rep. of",2003,0.0
345,Panama,2003,0.0
346,Paraguay,2003,0.0
347,Peru,2003,15.46681924444532
348,"Poland, Rep. of",2003,33.48147280753947
349,Portugal,2003,33.00968248991228
350,Romania,2003,28.94664168372256
351,Russian Federation,2003,28.95303104974309
352,Rwanda,2003,0.0
353,Samoa,2003,0.0
354,"San Marino, Rep. of",2003,24.54080594118511
355,Saudi Arabia,2003,0.0
356,Senegal,2003,0.0
357,"Serbia, Rep. of",2003,0.0
358,Seychelles,2003,0.0
359,Singapore,2003,12.4460741638593
360,Slovak Rep.,2003,32.76356272375507
361,"Slovenia, Rep. of",2003,38.61803047635414
362,Somalia,2003,0.0
363,South Africa,2003,25.48940009021203
364,Spain,2003,33.85136600578859
365,Sri Lanka,2003,0.0
366,Sweden,2003,45.66024461902149
367,Switzerland,2003,26.26379230683923
368,"Tajikistan, Rep. of",2003,14.50533456546394
369,"Tanzania, United Rep. of",2003,0.0
370,Thailand,2003,16.52353407942721
371,"Timor-Leste, Dem. Rep. of",2003,0.0
372,Trinidad and Tobago,2003,21.01817716920159
373,Tunisia,2003,5.0343197675076
374,Turkey,2003,0.0
375,Uganda,2003,0.252548729390865
376,Ukraine,2003,31.6845932991215
377,United Arab Emirates,2003,0.0
378,United Kingdom,2003,31.9175155311148
379,United States,2003,24.78717054584971
380,Uruguay,2003,20.26806281012259
381,"Uzbekistan, Rep. of",2003,0.0
382,West Bank and Gaza,2003,0.0
383,Zambia,2003,0.219781256415735
384,"Afghanistan, Islamic Rep. of",2004,0.0
385,Albania,2004,22.33173972342363
386,Argentina,2004,23.90722090492418
387,"Armenia, Rep. of",2004,17.11664292529054
388,Australia,2004,28.9116668648119
389,Austria,2004,43.1968575805978
390,"Azerbaijan, Rep. of",2004,0.0
391,"Bahamas, The",2004,9.42834176584466
392,"Bahrain, Kingdom of",2004,1.06583357840736
393,Barbados,2004,38.10085044915326
394,"Belarus, Rep. of",2004,42.8435084992053
395,Belgium,2004,45.45670776901822
396,Bolivia,2004,20.83155205860364
397,Bosnia and Herzegovina,2004,12.4070615052138
398,Brazil,2004,0.0
399,Bulgaria,2004,166.9673044297143
400,Burkina Faso,2004,0.0
401,Cabo Verde,2004,0.0
402,Cambodia,2004,0.0
403,Canada,2004,32.68756957800642
404,Central African Rep.,2004,0.0
405,Chile,2004,1.31451966638035
406,"China, P.R.: Macao",2004,21.39214878311587
407,"China, P.R.: Mainland",2004,9.00840301458436
408,Colombia,2004,5.187002551628761
409,"Congo, Rep. of",2004,8.183663974750674
410,Costa Rica,2004,20.93411230421164
411,"Croatia, Rep. of",2004,36.38957210940734
412,Cyprus,2004,29.27095060766147
413,Czech Rep.,2004,34.37352539144005
414,Côte d'Ivoire,2004,0.941382318982967
415,Denmark,2004,47.72676264706152
416,Dominican Rep.,2004,12.61477515604745
417,"Egypt, Arab Rep. of",2004,13.1586278754006
418,El Salvador,2004,15.55649950709702
419,"Estonia, Rep. of",2004,30.97560002740996
420,"Ethiopia, The Federal Dem. Rep. of",2004,0.0
421,Finland,2004,41.80765693697323
422,France,2004,44.01318295159847
423,Georgia,2004,19.13241182626784
424,Germany,2004,38.88107066456865
425,Ghana,2004,0.0
426,Greece,2004,32.18729500942302
427,Guatemala,2004,0.0
428,Honduras,2004,17.96161168985958
429,Hungary,2004,36.96015131237138
430,Iceland,2004,36.23569752705266
431,India,2004,6.23645519924984
432,Indonesia,2004,0.465019003717043
433,"Iran, Islamic Rep. of",2004,14.33435668893865
434,Ireland,2004,30.78914942499316
435,Israel,2004,33.93892897537856
436,Italy,2004,39.20140079514264
437,Jamaica,2004,0.739472585359586
438,Japan,2004,25.92663045825492
439,Jordan,2004,0.0
440,"Kazakhstan, Rep. of",2004,6.29763468611428
441,Kenya,2004,0.0
442,Kiribati,2004,0.0
443,"Korea, Rep. of",2004,0.0
444,Kuwait,2004,1.32445038163581
445,Kyrgyz Rep.,2004,0.0
446,Latvia,2004,27.65732048901202
447,"Lesotho, Kingdom of",2004,33.11712680871796
448,Liberia,2004,0.0
449,Lithuania,2004,29.21303863400603
450,Luxembourg,2004,37.97589447119254
451,"Madagascar, Rep. of",2004,0.0
452,Malawi,2004,0.0
453,Malaysia,2004,0.0
454,Maldives,2004,10.4894480871671
455,Malta,2004,30.98126481830745
456,"Marshall Islands, Rep. of the",2004,0.0
457,Mauritius,2004,16.78773525533427
458,Mexico,2004,0.0
459,"Micronesia, Federated States of",2004,0.0
460,"Moldova, Rep. of",2004,29.3296247660565
461,Mongolia,2004,0.0
462,Morocco,2004,23.65355758968559
463,Myanmar,2004,0.0
464,Namibia,2004,0.0
465,"Nauru, Rep. of",2004,0.0
466,Nepal,2004,0.0
467,"Netherlands, The",2004,35.31398903428384
468,New Zealand,2004,31.9821807484883
469,Nicaragua,2004,3.11269738142589
470,"North Macedonia, Republic of",2004,0.0
471,Norway,2004,42.4860068871914
472,"Palau, Rep. of",2004,0.0
473,Panama,2004,0.0
474,Paraguay,2004,0.0
475,Peru,2004,15.75868883256827
476,"Poland, Rep. of",2004,32.86837357322404
477,Portugal,2004,33.36015485220208
478,Romania,2004,28.11442149052491
479,Russian Federation,2004,28.6815508535428
480,Rwanda,2004,0.0
481,Samoa,2004,0.0
482,"San Marino, Rep. of",2004,23.36468098441209
483,Saudi Arabia,2004,0.0
484,Senegal,2004,0.0
485,"Serbia, Rep. of",2004,0.0
486,Seychelles,2004,0.0
487,Singapore,2004,11.6045115798244
488,Slovak Rep.,2004,31.68818326720844
489,"Slovenia, Rep. of",2004,38.63785190493768
490,Somalia,2004,0.0
491,South Africa,2004,26.52207096869002
492,Spain,2004,34.7654336501687
493,Sri Lanka,2004,0.0
494,Sweden,2004,45.8616264468089
495,Switzerland,2004,25.98983233442508
496,"Tajikistan, Rep. of",2004,14.41655856790763
497,"Tanzania, United Rep. of",2004,0.0
498,Thailand,2004,17.15037179020666
499,"Timor-Leste, Dem. Rep. of",2004,0.0
500,Trinidad and Tobago,2004,21.71794354900204
501,Tunisia,2004,4.73061524003244
502,Turkey,2004,0.0
503,Uganda,2004,0.214316342943269
504,Ukraine,2004,30.35147625394513
505,United Arab Emirates,2004,0.0
506,United Kingdom,2004,32.85840394274128
507,United States,2004,25.08642464399503
508,Uruguay,2004,20.84376596489014
509,"Uzbekistan, Rep. of",2004,0.0
510,West Bank and Gaza,2004,0.0
511,Zambia,2004,0.130327048127032
512,"Afghanistan, Islamic Rep. of",2005,0.0
513,Albania,2005,0.0
514,Argentina,2005,16.01440111628737
515,"Armenia, Rep. of",2005,17.60591640801347
516,Australia,2005,29.02347022127877
517,Austria,2005,42.04919413558991
518,"Azerbaijan, Rep. of",2005,0.0
519,"Bahamas, The",2005,10.0017130018171
520,"Bahrain, Kingdom of",2005,0.0
521,Barbados,2005,0.0
522,"Belarus, Rep. of",2005,44.1026811496738
523,Belgium,2005,45.25250212071461
524,Bolivia,2005,23.58459372189792
525,Bosnia and Herzegovina,2005,35.48732209282975
526,Brazil,2005,0.0
527,Bulgaria,2005,174.9877316275416
528,Burkina Faso,2005,0.0
529,Cabo Verde,2005,22.00892671870172
530,Cambodia,2005,0.0
531,Canada,2005,32.66026069401164
532,Central African Rep.,2005,0.0
533,Chile,2005,20.7199539541822
534,"China, P.R.: Macao",2005,21.10125646711008
535,"China, P.R.: Mainland",2005,18.33517312150912
536,Colombia,2005,4.389831920735946
537,"Congo, Rep. of",2005,6.216222035417129
538,Costa Rica,2005,21.38544686243254
539,"Croatia, Rep. of",2005,36.28925977100059
540,Cyprus,2005,31.06063161587611
541,Czech Rep.,2005,34.20126180872231
542,Côte d'Ivoire,2005,0.913661051726183
543,Denmark,2005,49.22789210224824
544,Dominican Rep.,2005,13.81082391722298
545,"Egypt, Arab Rep. of",2005,13.3798953254257
546,El Salvador,2005,17.21050483058919
547,"Estonia, Rep. of",2005,29.68561975514993
548,"Ethiopia, The Federal Dem. Rep. of",2005,0.0
549,Finland,2005,42.08286021361728
550,France,2005,44.51462564520736
551,Georgia,2005,20.18534058224984
552,Germany,2005,38.95425007975319
553,Ghana,2005,0.0
554,Greece,2005,33.63062547770052
555,Guatemala,2005,0.0
556,Honduras,2005,17.73733941269378
557,Hungary,2005,36.50720075639647
558,Iceland,2005,39.31829060773848
559,India,2005,6.43610246821629
560,Indonesia,2005,0.0
561,"Iran, Islamic Rep. of",2005,15.89482951443165
562,Ireland,2005,31.20863387079728
563,Israel,2005,34.36708984637391
564,Italy,2005,39.0183679412976
565,Jamaica,2005,0.7244982328371
566,Japan,2005,27.04146219403517
567,Jordan,2005,0.0
568,"Kazakhstan, Rep. of",2005,22.82498617458858
569,Kenya,2005,0.164849454392861
570,Kiribati,2005,0.0
571,"Korea, Rep. of",2005,0.0
572,Kuwait,2005,1.02986611740474
573,Kyrgyz Rep.,2005,0.0
574,Latvia,2005,27.87258762286815
575,"Lesotho, Kingdom of",2005,32.49915398135317
576,Liberia,2005,10.7442864760193
577,Lithuania,2005,29.31357483317448
578,Luxembourg,2005,39.16824004608583
579,"Madagascar, Rep. of",2005,0.0
580,Malawi,2005,0.0
581,Malaysia,2005,0.0
582,Maldives,2005,11.5693935736465
583,Malta,2005,32.61976103904967
584,"Marshall Islands, Rep. of the",2005,0.0
585,Mauritius,2005,17.77182111588393
586,Mexico,2005,0.0
587,"Micronesia, Federated States of",2005,0.0
588,"Moldova, Rep. of",2005,31.15303519195825
589,Mongolia,2005,0.0
590,Morocco,2005,25.96726278749026
591,Myanmar,2005,0.0
592,Namibia,2005,0.0
593,"Nauru, Rep. of",2005,0.0
594,Nepal,2005,0.0
595,"Netherlands, The",2005,35.50971803450095
596,New Zealand,2005,33.2576859421859
597,Nicaragua,2005,3.17933595521374
598,"North Macedonia, Republic of",2005,28.25178621789152
599,Norway,2005,42.78223928096013
600,"Palau, Rep. of",2005,0.0
601,Panama,2005,0.0
602,Paraguay,2005,10.9138608406643
603,Peru,2005,16.3958455105436
604,"Poland, Rep. of",2005,33.80067890899664
605,Portugal,2005,34.25989970527148
606,Romania,2005,28.68083910759848
607,Russian Federation,2005,29.98837128950201
608,Rwanda,2005,0.0
609,Samoa,2005,0.0
610,"San Marino, Rep. of",2005,24.42160272695162
611,Saudi Arabia,2005,0.0
612,Senegal,2005,0.0
613,"Serbia, Rep. of",2005,0.0
614,Seychelles,2005,27.74510761634146
615,Singapore,2005,11.5770274018324
616,Slovak Rep.,2005,31.32572258228086
617,"Slovenia, Rep. of",2005,39.27841035945522
618,Somalia,2005,0.0
619,South Africa,2005,28.01756164694433
620,Spain,2005,35.94203742463796
621,Sri Lanka,2005,0.0
622,Sweden,2005,46.87397328975445
623,Switzerland,2005,25.90990794554979
624,"Tajikistan, Rep. of",2005,0.0
625,"Tanzania, United Rep. of",2005,0.0
626,Thailand,2005,18.48705641792467
627,"Timor-Leste, Dem. Rep. of",2005,0.0
628,Trinidad and Tobago,2005,26.08250634631792
629,Tunisia,2005,4.59769291394999
630,Turkey,2005,0.0
631,Uganda,2005,0.215895596754087
632,Ukraine,2005,34.91788922182783
633,United Arab Emirates,2005,0.0
634,United Kingdom,2005,33.26406027689124
635,United States,2005,26.45460611080432
636,Uruguay,2005,21.4382217170589
637,"Uzbekistan, Rep. of",2005,0.0
638,West Bank and Gaza,2005,4.94021104507865
639,Zambia,2005,0.0961380254030515
640,"Afghanistan, Islamic Rep. of",2006,7.228557482680625
641,Albania,2006,0.0
642,Argentina,2006,16.2352152457813
643,"Armenia, Rep. of",2006,17.83083214697479
644,Australia,2006,28.75889027739206
645,Austria,2006,41.35942804315071
646,"Azerbaijan, Rep. of",2006,0.0
647,"Bahamas, The",2006,0.0
648,"Bahrain, Kingdom of",2006,0.0
649,Barbados,2006,0.0
650,"Belarus, Rep. of",2006,44.1876699819518
651,Belgium,2006,45.16473884441383
652,Bolivia,2006,25.9507570612022
653,Bosnia and Herzegovina,2006,38.52213427559531
654,Brazil,2006,0.0
655,Bulgaria,2006,187.4348656618147
656,Burkina Faso,2006,0.0
657,Cabo Verde,2006,23.87475632467327
658,Cambodia,2006,0.0
659,Canada,2006,32.80380113911231
660,Central African Rep.,2006,0.0
661,Chile,2006,21.96776554899662
662,"China, P.R.: Macao",2006,21.25026257194471
663,"China, P.R.: Mainland",2006,21.88039286054401
664,Colombia,2006,5.382222540906285
665,"Congo, Rep. of",2006,6.973856219999195
666,Costa Rica,2006,21.5939688579696
667,"Croatia, Rep. of",2006,36.83403825966429
668,Cyprus,2006,31.808551196555
669,Czech Rep.,2006,33.96115587016386
670,Côte d'Ivoire,2006,0.949334748867266
671,Denmark,2006,47.61000083221372
672,Dominican Rep.,2006,14.20179057315895
673,"Egypt, Arab Rep. of",2006,15.0545679537236
674,El Salvador,2006,18.21700024187671
675,"Estonia, Rep. of",2006,30.35486217409925
676,"Ethiopia, The Federal Dem. Rep. of",2006,2.91880078130127
677,Finland,2006,42.11524780649756
678,France,2006,44.95514706319996
679,Georgia,2006,22.21472870710218
680,Germany,2006,39.10225233535144
681,Ghana,2006,0.0
682,Greece,2006,32.82644520979147
683,Guatemala,2006,0.0
684,Honduras,2006,18.253606608237
685,Hungary,2006,36.40183894761286
686,Iceland,2006,39.61440842177143
687,India,2006,6.61074366549043
688,Indonesia,2006,0.0
689,"Iran, Islamic Rep. of",2006,16.34276284380903
690,Ireland,2006,32.59220348698868
691,Israel,2006,34.9135002526792
692,Italy,2006,40.09301295109702
693,Jamaica,2006,0.779713031149915
694,Japan,2006,28.01550334924653
695,Jordan,2006,0.0
696,"Kazakhstan, Rep. of",2006,20.11248624547542
697,Kenya,2006,0.174498871050456
698,Kiribati,2006,0.0
699,"Korea, Rep. of",2006,4.10519475159892
700,Kuwait,2006,0.970494918475034
701,Kyrgyz Rep.,2006,2.42019787328834
702,Latvia,2006,28.67837571820687
703,"Lesotho, Kingdom of",2006,39.2507123881173
704,Liberia,2006,10.697458437305
705,Lithuania,2006,30.2620929352729
706,Luxembourg,2006,37.00997385265203
707,"Madagascar, Rep. of",2006,0.0
708,Malawi,2006,0.0
709,Malaysia,2006,0.0
710,Maldives,2006,11.7564670946083
711,Malta,2006,32.98386101210748
712,"Marshall Islands, Rep. of the",2006,0.0
713,Mauritius,2006,17.23318526495263
714,Mexico,2006,0.0
715,"Micronesia, Federated States of",2006,0.0
716,"Moldova, Rep. of",2006,34.18712189583646
717,Mongolia,2006,33.35468410927301
718,Morocco,2006,26.38795207619615
719,Myanmar,2006,0.0
720,Namibia,2006,0.0
721,"Nauru, Rep. of",2006,0.0
722,Nepal,2006,0.0
723,"Netherlands, The",2006,36.32083702565758
724,New Zealand,2006,1.87984297843618
725,Nicaragua,2006,3.49131600820764
726,"North Macedonia, Republic of",2006,28.7003543976359
727,Norway,2006,42.92627946556361
728,"Palau, Rep. of",2006,0.0
729,Panama,2006,0.0
730,Paraguay,2006,11.00821552066714
731,Peru,2006,17.75917504075382
732,"Poland, Rep. of",2006,34.47074772631509
733,Portugal,2006,34.77017197119694
734,Romania,2006,29.31501278144114
735,Russian Federation,2006,29.97896018662603
736,Rwanda,2006,0.0
737,Samoa,2006,0.0
738,"San Marino, Rep. of",2006,25.32136954714179
739,Saudi Arabia,2006,0.0
740,Senegal,2006,0.0
741,"Serbia, Rep. of",2006,0.0
742,Seychelles,2006,25.15081246626426
743,Singapore,2006,11.8310221766032
744,Slovak Rep.,2006,29.22794323774783
745,"Slovenia, Rep. of",2006,38.7958907417764
746,Somalia,2006,0.0
747,South Africa,2006,29.13759921713601
748,Spain,2006,36.68226370585253
749,Sri Lanka,2006,0.0
750,Sweden,2006,46.20100535995498
751,Switzerland,2006,25.65032861564395
752,"Tajikistan, Rep. of",2006,0.0
753,"Tanzania, United Rep. of",2006,0.0
754,Thailand,2006,17.63051854357836
755,"Timor-Leste, Dem. Rep. of",2006,0.0
756,Trinidad and Tobago,2006,29.88120194401578
757,Tunisia,2006,4.8188005122803
758,Turkey,2006,0.0
759,Uganda,2006,0.193228637197094
760,Ukraine,2006,36.16639190259609
761,United Arab Emirates,2006,0.0
762,United Kingdom,2006,33.46397238357567
763,United States,2006,27.16594574249401
764,Uruguay,2006,22.66110181288896
765,"Uzbekistan, Rep. of",2006,0.0
766,West Bank and Gaza,2006,4.60077991357675
767,Zambia,2006,0.0
768,"Afghanistan, Islamic Rep. of",2007,6.178427277791213
769,Albania,2007,0.0
770,Argentina,2007,17.19565270225581
771,"Armenia, Rep. of",2007,19.20992293880255
772,Australia,2007,28.34627000879348
773,Austria,2007,41.41581390107688
774,"Azerbaijan, Rep. of",2007,0.0
775,"Bahamas, The",2007,0.0
776,"Bahrain, Kingdom of",2007,0.0
777,Barbados,2007,0.0
778,"Belarus, Rep. of",2007,45.279106206451
779,Belgium,2007,44.84344579316039
780,Bolivia,2007,26.36765002796684
781,Bosnia and Herzegovina,2007,38.57018109169418
782,Brazil,2007,0.0
783,Bulgaria,2007,193.9763822772364
784,Burkina Faso,2007,0.0
785,Cabo Verde,2007,24.5179203790075
786,Cambodia,2007,0.0
787,Canada,2007,32.79988539996871
788,Central African Rep.,2007,0.0
789,Chile,2007,22.71579383738361
790,"China, P.R.: Macao",2007,25.5747111133681
791,"China, P.R.: Mainland",2007,20.32461381203606
792,Colombia,2007,5.012704833760013
793,"Congo, Rep. of",2007,7.940603725576864
794,Costa Rica,2007,22.62347347265501
795,"Croatia, Rep. of",2007,37.15098288675471
796,Cyprus,2007,35.72073049556287
797,Czech Rep.,2007,34.44307899427215
798,Côte d'Ivoire,2007,0.961854534346226
799,Denmark,2007,47.52364499213844
800,Dominican Rep.,2007,15.0936541345094
801,"Egypt, Arab Rep. of",2007,14.5983896615796
802,El Salvador,2007,19.34546377971915
803,"Estonia, Rep. of",2007,30.89054363274203
804,"Ethiopia, The Federal Dem. Rep. of",2007,2.36696267154774
805,Finland,2007,41.41453557988367
806,France,2007,44.4009354267112
807,Georgia,2007,25.13374082298427
808,Germany,2007,39.17081074593428
809,Ghana,2007,0.0
810,Greece,2007,33.64726175823031
811,Guatemala,2007,0.0
812,Honduras,2007,19.22531802410617
813,Hungary,2007,39.25488560550995
814,Iceland,2007,38.41291537991218
815,India,2007,6.57012462987968
816,Indonesia,2007,0.0
817,"Iran, Islamic Rep. of",2007,16.26151984743901
818,Ireland,2007,32.01733241995233
819,Israel,2007,34.74910200773505
820,Italy,2007,41.40029885295205
821,Jamaica,2007,0.795553909524498
822,Japan,2007,28.4127990803633
823,Jordan,2007,0.0
824,"Kazakhstan, Rep. of",2007,17.88370926995693
825,Kenya,2007,0.194984050242329
826,Kiribati,2007,0.0
827,"Korea, Rep. of",2007,3.994965770063
828,Kuwait,2007,1.0865394944829
829,Kyrgyz Rep.,2007,2.31064647277581
830,Latvia,2007,28.29757602379388
831,"Lesotho, Kingdom of",2007,37.86786377856151
832,Liberia,2007,14.8729616821416
833,Lithuania,2007,30.12869468103813
834,Luxembourg,2007,37.46811354858147
835,"Madagascar, Rep. of",2007,0.0
836,Malawi,2007,0.0
837,Malaysia,2007,0.0
838,Maldives,2007,12.1474888656706
839,Malta,2007,33.71128876908654
840,"Marshall Islands, Rep. of the",2007,0.0
841,Mauritius,2007,16.2532179255596
842,Mexico,2007,0.0
843,"Micronesia, Federated States of",2007,0.0
844,"Moldova, Rep. of",2007,35.19773722308197
845,Mongolia,2007,28.97119951894192
846,Morocco,2007,29.27345908276674
847,Myanmar,2007,0.0
848,Namibia,2007,0.0
849,"Nauru, Rep. of",2007,0.0
850,Nepal,2007,0.0
851,"Netherlands, The",2007,35.80083014357922
852,New Zealand,2007,1.89836436990572
853,Nicaragua,2007,3.59323197231174
854,"North Macedonia, Republic of",2007,29.28809738407405
855,Norway,2007,42.28820601717408
856,"Palau, Rep. of",2007,0.0
857,Panama,2007,0.0
858,Paraguay,2007,10.56177383029664
859,Peru,2007,18.31456908733838
860,"Poland, Rep. of",2007,35.40371640412384
861,Portugal,2007,34.92434213150649
862,Romania,2007,28.9147459272698
863,Russian Federation,2007,30.82797820294435
864,Rwanda,2007,0.0
865,Samoa,2007,0.0
866,"San Marino, Rep. of",2007,26.63236565871809
867,Saudi Arabia,2007,0.0
868,Senegal,2007,0.0
869,"Serbia, Rep. of",2007,36.97298484383462
870,Seychelles,2007,23.63630634473417
871,Singapore,2007,12.8204281959211
872,Slovak Rep.,2007,29.05623835360092
873,"Slovenia, Rep. of",2007,38.03069268821188
874,Somalia,2007,0.0
875,South Africa,2007,29.45624133089233
876,Spain,2007,37.09805037288287
877,Sri Lanka,2007,0.0
878,Sweden,2007,45.2259720421001
879,Switzerland,2007,25.45752185925838
880,"Tajikistan, Rep. of",2007,0.0
881,"Tanzania, United Rep. of",2007,0.0
882,Thailand,2007,17.11195671232145
883,"Timor-Leste, Dem. Rep. of",2007,0.0
884,Trinidad and Tobago,2007,25.64553572264412
885,Tunisia,2007,4.90569443191048
886,Turkey,2007,0.0
887,Uganda,2007,0.118168363606697
888,Ukraine,2007,35.25554689793579
889,United Arab Emirates,2007,0.0
890,United Kingdom,2007,33.57732595555876
891,United States,2007,27.13357376029842
892,Uruguay,2007,22.01897234849733
893,"Uzbekistan, Rep. of",2007,0.0
894,West Bank and Gaza,2007,4.63341976632071
895,Zambia,2007,0.0
896,"Afghanistan, Islamic Rep. of",2008,6.246937845181317
897,Albania,2008,0.0
898,Argentina,2008,17.88319901228738
899,"Armenia, Rep. of",2008,0.388051596358057
900,Australia,2008,28.26779048219437
901,Austria,2008,42.23258700328394
902,"Azerbaijan, Rep. of",2008,18.9612130392753
903,"Bahamas, The",2008,0.0
904,"Bahrain, Kingdom of",2008,0.0
905,Barbados,2008,0.0
906,"Belarus, Rep. of",2008,47.2358051607755
907,Belgium,2008,45.59051805016176
908,Bolivia,2008,0.0
909,Bosnia and Herzegovina,2008,38.08436102929355
910,Brazil,2008,0.0
911,Bulgaria,2008,202.3078830980077
912,Burkina Faso,2008,0.0
913,Cabo Verde,2008,26.00536115823922
914,Cambodia,2008,0.0
915,Canada,2008,31.40055074074805
916,Central African Rep.,2008,9.062672747009627
917,Chile,2008,21.09479612495535
918,"China, P.R.: Macao",2008,30.33347474732415
919,"China, P.R.: Mainland",2008,21.7625655647107
920,Colombia,2008,6.463455138347386
921,"Congo, Rep. of",2008,7.881617533421474
922,Costa Rica,2008,23.32029277665012
923,"Croatia, Rep. of",2008,37.03130876578506
924,Cyprus,2008,34.43189529555959
925,Czech Rep.,2008,33.32519552989714
926,Côte d'Ivoire,2008,0.943064549053019
927,Denmark,2008,45.81081006067266
928,Dominican Rep.,2008,14.43681395024369
929,"Egypt, Arab Rep. of",2008,14.5704979449409
930,El Salvador,2008,20.37317179345628
931,"Estonia, Rep. of",2008,31.20813668494595
932,"Ethiopia, The Federal Dem. Rep. of",2008,0.0
933,Finland,2008,41.09901423313513
934,France,2008,44.32477740190117
935,Georgia,2008,24.23552540658549
936,Germany,2008,39.50586886263057
937,Ghana,2008,0.0
938,Greece,2008,33.88567522963312
939,Guatemala,2008,0.0
940,Honduras,2008,19.55483507350329
941,Hungary,2008,39.29057790862566
942,Iceland,2008,34.26391746872622
943,India,2008,6.44541976462063
944,Indonesia,2008,12.99011888047926
945,"Iran, Islamic Rep. of",2008,17.70187241942723
946,Ireland,2008,30.38112375389113
947,Israel,2008,32.55191744545602
948,Italy,2008,41.20150210661295
949,Jamaica,2008,0.706093775690665
950,Japan,2008,27.60266302706062
951,Jordan,2008,21.50727141937991
952,"Kazakhstan, Rep. of",2008,17.25999071259307
953,Kenya,2008,0.181775053180393
954,Kiribati,2008,0.0
955,"Korea, Rep. of",2008,4.09958581430903
956,Kuwait,2008,0.875824713905673
957,Kyrgyz Rep.,2008,2.60139612398194
958,Latvia,2008,28.14960617045138
959,"Lesotho, Kingdom of",2008,0.087560904059273
960,Liberia,2008,15.6748272141874
961,Lithuania,2008,30.67022045315375
962,Luxembourg,2008,38.05839710873198
963,"Madagascar, Rep. of",2008,0.0
964,Malawi,2008,0.0
965,Malaysia,2008,0.0
966,Maldives,2008,11.5789141388495
967,Malta,2008,32.76677600671989
968,"Marshall Islands, Rep. of the",2008,31.4639498047223
969,Mauritius,2008,18.09796871811833
970,Mexico,2008,12.62634078395675
971,"Micronesia, Federated States of",2008,6.70366740870463
972,"Moldova, Rep. of",2008,34.93207294893983
973,Mongolia,2008,27.4723687738519
974,Morocco,2008,31.05444850587036
975,Myanmar,2008,0.0
976,Namibia,2008,0.0
977,"Nauru, Rep. of",2008,0.0
978,Nepal,2008,0.0
979,"Netherlands, The",2008,36.14210797932003
980,New Zealand,2008,0.0
981,Nicaragua,2008,3.65926961128141
982,"North Macedonia, Republic of",2008,0.0
983,Norway,2008,41.53357132528168
984,"Palau, Rep. of",2008,24.07140126572683
985,Panama,2008,0.0
986,Paraguay,2008,10.89159902416739
987,Peru,2008,18.61639552105092
988,"Poland, Rep. of",2008,35.03805469134797
989,Portugal,2008,34.83646821825234
990,Romania,2008,27.27883688818757
991,Russian Federation,2008,29.21812169766778
992,Rwanda,2008,0.0
993,Samoa,2008,0.0
994,"San Marino, Rep. of",2008,27.31148109560737
995,Saudi Arabia,2008,0.0
996,Senegal,2008,0.0
997,"Serbia, Rep. of",2008,36.91472712609137
998,Seychelles,2008,22.53146326026427
999,Singapore,2008,13.7543914469361
1000,Slovak Rep.,2008,28.87361387712016
1001,"Slovenia, Rep. of",2008,37.54971813382978
1002,Somalia,2008,0.0
1003,South Africa,2008,28.51207418291536
1004,Spain,2008,32.8300621608395
1005,Sri Lanka,2008,0.0
1006,Sweden,2008,44.3026938506611
1007,Switzerland,2008,25.86719003298325
1008,"Tajikistan, Rep. of",2008,0.0
1009,"Tanzania, United Rep. of",2008,0.0
1010,Thailand,2008,17.22068843812502
1011,"Timor-Leste, Dem. Rep. of",2008,0.0
1012,Trinidad and Tobago,2008,0.0
1013,Tunisia,2008,5.558209041633199
1014,Turkey,2008,26.02871789507742
1015,Uganda,2008,0.112205625737069
1016,Ukraine,2008,36.26208121720741
1017,United Arab Emirates,2008,0.0
1018,United Kingdom,2008,34.35286507737249
1019,United States,2008,26.06968723446747
1020,Uruguay,2008,22.16140101732908
1021,"Uzbekistan, Rep. of",2008,0.0
1022,West Bank and Gaza,2008,5.05973153066023
1023,Zambia,2008,0.0
1024,"Afghanistan, Islamic Rep. of",2009,8.866482604710741
1025,Albania,2009,0.0
1026,Argentina,2009,18.44992414433753
1027,"Armenia, Rep. of",2009,0.558978055823158
1028,Australia,2009,26.88787792611277
1029,Austria,2009,41.86606495324843
1030,"Azerbaijan, Rep. of",2009,17.02512534584218
1031,"Bahamas, The",2009,0.0
1032,"Bahrain, Kingdom of",2009,0.0
1033,Barbados,2009,0.0
1034,"Belarus, Rep. of",2009,40.1883394690597
1035,Belgium,2009,45.01008736611507
1036,Bolivia,2009,0.0
1037,Bosnia and Herzegovina,2009,36.28035968959038
1038,Brazil,2009,0.0
1039,Bulgaria,2009,187.3162854462712
1040,Burkina Faso,2009,0.0
1041,Cabo Verde,2009,22.26572315234641
1042,Cambodia,2009,0.0
1043,Canada,2009,32.39024930409447
1044,Central African Rep.,2009,9.069577996904746
1045,Chile,2009,17.25354350347293
1046,"China, P.R.: Macao",2009,29.4067224959939
1047,"China, P.R.: Mainland",2009,22.0853357402138
1048,Colombia,2009,5.608325790411787
1049,"Congo, Rep. of",2009,10.16159458219997
1050,Costa Rica,2009,21.66522136464576
1051,"Croatia, Rep. of",2009,36.53165616610642
1052,Cyprus,2009,31.54436805243207
1053,Czech Rep.,2009,32.37944829958122
1054,Côte d'Ivoire,2009,0.0
1055,Denmark,2009,46.08246818063306
1056,Dominican Rep.,2009,13.00442827481269
1057,"Egypt, Arab Rep. of",2009,14.894647832378
1058,El Salvador,2009,18.26308131690072
1059,"Estonia, Rep. of",2009,35.0405396034209
1060,"Ethiopia, The Federal Dem. Rep. of",2009,0.0
1061,Finland,2009,40.80947691021038
1062,France,2009,44.01468274993773
1063,Georgia,2009,23.73492825888825
1064,Germany,2009,39.96970229747363
1065,Ghana,2009,0.0
1066,Greece,2009,33.11085636649258
1067,Guatemala,2009,0.0
1068,Honduras,2009,17.79235154673514
1069,Hungary,2009,38.85103346160574
1070,Iceland,2009,31.27617423460904
1071,India,2009,6.27974182712421
1072,Indonesia,2009,11.0631793890749
1073,"Iran, Islamic Rep. of",2009,20.90504911811577
1074,Ireland,2009,28.90427739663403
1075,Israel,2009,30.457110809437
1076,Italy,2009,41.68999832620698
1077,Jamaica,2009,0.645233296755801
1078,Japan,2009,26.83820870641732
1079,Jordan,2009,21.16991650434327
1080,"Kazakhstan, Rep. of",2009,20.61811126169694
1081,Kenya,2009,0.257266503892882
1082,Kiribati,2009,0.0
1083,"Korea, Rep. of",2009,3.73216406951504
1084,Kuwait,2009,0.970612732078095
1085,Kyrgyz Rep.,2009,2.90310993430668
1086,Latvia,2009,27.71024983025359
1087,"Lesotho, Kingdom of",2009,0.0
1088,Liberia,2009,0.0
1089,Lithuania,2009,30.44421145774085
1090,Luxembourg,2009,39.74136546184739
1091,"Madagascar, Rep. of",2009,0.0
1092,Malawi,2009,0.0
1093,Malaysia,2009,0.0
1094,Maldives,2009,9.1007018610247
1095,Malta,2009,32.96264132592842
1096,"Marshall Islands, Rep. of the",2009,30.9507359762296
1097,Mauritius,2009,19.00841799311749
1098,Mexico,2009,12.40524426291745
1099,"Micronesia, Federated States of",2009,6.87197270017237
1100,"Moldova, Rep. of",2009,33.14043568866184
1101,Mongolia,2009,24.00650621154655
1102,Morocco,2009,28.40591539779619
1103,Myanmar,2009,0.0
1104,Namibia,2009,0.0
1105,"Nauru, Rep. of",2009,0.0
1106,Nepal,2009,0.0
1107,"Netherlands, The",2009,35.43103696614501
1108,New Zealand,2009,2.13442313803325
1109,Nicaragua,2009,4.03108810286566
1110,"North Macedonia, Republic of",2009,0.0
1111,Norway,2009,41.40267105239865
1112,"Palau, Rep. of",2009,24.22505205160839
1113,Panama,2009,0.0
1114,Paraguay,2009,11.315818763175
1115,Peru,2009,16.70273871662361
1116,"Poland, Rep. of",2009,32.18659725099661
1117,Portugal,2009,33.23796862779083
1118,Romania,2009,25.82072819001293
1119,Russian Federation,2009,26.79162369745575
1120,Rwanda,2009,0.0
1121,Samoa,2009,0.0
1122,"San Marino, Rep. of",2009,28.00652219323954
1123,Saudi Arabia,2009,0.0
1124,Senegal,2009,0.0
1125,"Serbia, Rep. of",2009,35.21518079380517
1126,Seychelles,2009,25.37362355337218
1127,Singapore,2009,12.9549265300847
1128,Slovak Rep.,2009,28.78165705860789
1129,"Slovenia, Rep. of",2009,37.44189459050941
1130,Somalia,2009,0.0
1131,South Africa,2009,26.26674009451776
1132,Spain,2009,30.51772009018786
1133,Sri Lanka,2009,0.0
1134,Sweden,2009,44.08767954430296
1135,Switzerland,2009,26.15090240653993
1136,"Tajikistan, Rep. of",2009,0.0
1137,"Tanzania, United Rep. of",2009,0.0
1138,Thailand,2009,16.1988676077144
1139,"Timor-Leste, Dem. Rep. of",2009,0.0
1140,Trinidad and Tobago,2009,0.0
1141,Tunisia,2009,6.334146823638479
1142,Turkey,2009,26.45839642598121
1143,Uganda,2009,0.0343376556386369
1144,Ukraine,2009,35.52891814564298
1145,United Arab Emirates,2009,0.0
1146,United Kingdom,2009,32.03557219086958
1147,United States,2009,23.37242446323917
1148,Uruguay,2009,25.21839179894582
1149,"Uzbekistan, Rep. of",2009,0.0
1150,West Bank and Gaza,2009,5.295030518436492
1151,Zambia,2009,0.0
1152,"Afghanistan, Islamic Rep. of",2010,9.659991363273253
1153,Albania,2010,0.0
1154,Argentina,2010,18.88397086165398
1155,"Armenia, Rep. of",2010,0.546600360530902
1156,Australia,2010,24.49820081662873
1157,Austria,2010,41.80862166040436
1158,"Azerbaijan, Rep. of",2010,14.90380313199104
1159,"Bahamas, The",2010,0.0
1160,"Bahrain, Kingdom of",2010,0.0
1161,Barbados,2010,0.0
1162,"Belarus, Rep. of",2010,37.6171079968533
1163,Belgium,2010,45.31676488406678
1164,Bolivia,2010,0.0
1165,Bosnia and Herzegovina,2010,37.29586596157472
1166,Brazil,2010,33.9034947667006
1167,Bulgaria,2010,191.9327065498964
1168,Burkina Faso,2010,0.0
1169,Cabo Verde,2010,23.14039047514784
1170,Cambodia,2010,0.0
1171,Canada,2010,31.09214140288878
1172,Central African Rep.,2010,9.517259687848272
1173,Chile,2010,20.02953510000003
1174,"China, P.R.: Macao",2010,34.45782403043836
1175,"China, P.R.: Mainland",2010,22.63828574165578
1176,Colombia,2010,5.484159651509028
1177,"Congo, Rep. of",2010,8.745788716160153
1178,Costa Rica,2010,21.64046441953194
1179,"Croatia, Rep. of",2010,36.06262377289535
1180,Cyprus,2010,31.56568778979911
1181,Czech Rep.,2010,32.72285348633935
1182,Côte d'Ivoire,2010,0.0
1183,Denmark,2010,46.0804030645096
1184,Dominican Rep.,2010,12.64626512481661
1185,"Egypt, Arab Rep. of",2010,13.4383285812093
1186,El Salvador,2010,19.33063456476393
1187,"Estonia, Rep. of",2010,33.24154913812398
1188,"Ethiopia, The Federal Dem. Rep. of",2010,0.0
1189,Finland,2010,40.61644600117994
1190,France,2010,44.13886910617968
1191,Georgia,2010,22.30591187289697
1192,Germany,2010,38.61784433005779
1193,Ghana,2010,10.36508149778605
1194,Greece,2010,34.3943531259482
1195,Guatemala,2010,0.0
1196,Honduras,2010,18.06290404496033
1197,Hungary,2010,36.85379495736075
1198,Iceland,2010,32.2183206858372
1199,India,2010,6.67406206481914
1200,Indonesia,2010,11.35582583618609
1201,"Iran, Islamic Rep. of",2010,0.0
1202,Ireland,2010,28.32231257804888
1203,Israel,2010,31.25743076239698
1204,Italy,2010,41.38827516012113
1205,Jamaica,2010,0.797991118868198
1206,Japan,2010,27.20941573366053
1207,Jordan,2010,20.06332622194698
1208,"Kazakhstan, Rep. of",2010,20.16093457189105
1209,Kenya,2010,0.208069855151025
1210,Kiribati,2010,15.7110396354917
1211,"Korea, Rep. of",2010,3.78276788853414
1212,Kuwait,2010,0.979470420900206
1213,Kyrgyz Rep.,2010,2.8318536202638
1214,Latvia,2010,28.41775918940611
1215,"Lesotho, Kingdom of",2010,0.0
1216,Liberia,2010,17.3296463348786
1217,Lithuania,2010,28.58301913040997
1218,Luxembourg,2010,39.01113550269049
1219,"Madagascar, Rep. of",2010,0.0
1220,Malawi,2010,0.0
1221,Malaysia,2010,0.0
1222,Maldives,2010,0.0
1223,Malta,2010,32.00772792175365
1224,"Marshall Islands, Rep. of the",2010,30.1678416658564
1225,Mauritius,2010,19.02003526466361
1226,Mexico,2010,12.84252279442051
1227,"Micronesia, Federated States of",2010,7.31933127753255
1228,"Moldova, Rep. of",2010,26.80034639392434
1229,Mongolia,2010,25.70019249761526
1230,Morocco,2010,27.85698538022525
1231,Myanmar,2010,0.0
1232,Namibia,2010,0.0
1233,"Nauru, Rep. of",2010,0.0
1234,Nepal,2010,0.0
1235,"Netherlands, The",2010,35.78780544660637
1236,New Zealand,2010,2.12914420184087
1237,Nicaragua,2010,4.32509644993424
1238,"North Macedonia, Republic of",2010,0.0
1239,Norway,2010,42.08392196116586
1240,"Palau, Rep. of",2010,25.28950135235096
1241,Panama,2010,0.0
1242,Paraguay,2010,11.76451790680433
1243,Peru,2010,17.5708888893069
1244,"Poland, Rep. of",2010,32.16629856650006
1245,Portugal,2010,33.55540479748431
1246,Romania,2010,27.0311221357219
1247,Russian Federation,2010,26.31967709864415
1248,Rwanda,2010,0.0
1249,Samoa,2010,0.0
1250,"San Marino, Rep. of",2010,27.4069096165595
1251,Saudi Arabia,2010,0.0
1252,Senegal,2010,0.0
1253,"Serbia, Rep. of",2010,34.94922471123434
1254,Seychelles,2010,27.92019376257963
1255,Singapore,2010,12.7858239691039
1256,Slovak Rep.,2010,28.02010746664401
1257,"Slovenia, Rep. of",2010,38.1385247456955
1258,Somalia,2010,0.0
1259,South Africa,2010,27.00196910325909
1260,Spain,2010,32.11383515939545
1261,Sri Lanka,2010,0.0
1262,Sweden,2010,43.21886085693876
1263,Switzerland,2010,25.71536660021696
1264,"Tajikistan, Rep. of",2010,0.0
1265,"Tanzania, United Rep. of",2010,0.0
1266,Thailand,2010,17.30595287165376
1267,"Timor-Leste, Dem. Rep. of",2010,110.182888181052
1268,Trinidad and Tobago,2010,0.0
1269,Tunisia,2010,6.658049782331163
1270,Turkey,2010,26.83712493207727
1271,Uganda,2010,0.0476729078849446
1272,Ukraine,2010,34.48900537918329
1273,United Arab Emirates,2010,0.0
1274,United Kingdom,2010,33.0822582683853
1275,United States,2010,23.84485122740917
1276,Uruguay,2010,25.5610295149257
1277,"Uzbekistan, Rep. of",2010,0.0
1278,West Bank and Gaza,2010,6.668408307893946
1279,Zambia,2010,0.0
1280,"Afghanistan, Islamic Rep. of",2011,9.508390571418571
1281,Albania,2011,22.88226569916589
1282,Argentina,2011,18.79673544229346
1283,"Armenia, Rep. of",2011,0.517495586604
1284,Australia,2011,24.48770701410071
1285,Austria,2011,41.87393229776286
1286,"Azerbaijan, Rep. of",2011,14.68876003225681
1287,"Bahamas, The",2011,0.0
1288,"Bahrain, Kingdom of",2011,0.0
1289,Barbados,2011,0.0
1290,"Belarus, Rep. of",2011,33.27894676886527
1291,Belgium,2011,46.19316005617494
1292,Bolivia,2011,0.0
1293,Bosnia and Herzegovina,2011,38.41566127970525
1294,Brazil,2011,34.64278931565831
1295,Bulgaria,2011,195.6108722738243
1296,Burkina Faso,2011,0.0
1297,Cabo Verde,2011,24.88198087507149
1298,Cambodia,2011,0.0
1299,Canada,2011,30.91919509059151
1300,Central African Rep.,2011,8.54978384055532
1301,Chile,2011,21.56377275078836
1302,"China, P.R.: Macao",2011,37.52736395880692
1303,"China, P.R.: Mainland",2011,23.83441162519706
1304,Colombia,2011,6.971112819899782
1305,"Congo, Rep. of",2011,9.066067650050883
1306,Costa Rica,2011,22.12079887580905
1307,"Croatia, Rep. of",2011,35.34488843273202
1308,Cyprus,2011,31.57434947053745
1309,Czech Rep.,2011,33.83317870095506
1310,Côte d'Ivoire,2011,0.0
1311,Denmark,2011,46.1015326604053
1312,Dominican Rep.,2011,12.54012833873704
1313,"Egypt, Arab Rep. of",2011,13.3228329567887
1314,El Salvador,2011,18.75758918821387
1315,"Estonia, Rep. of",2011,31.51730651036595
1316,"Ethiopia, The Federal Dem. Rep. of",2011,0.0
1317,Finland,2011,41.82921039606461
1318,France,2011,45.29129616701379
1319,Georgia,2011,24.07812846260391
1320,Germany,2011,38.93783691471513
1321,Ghana,2011,0.0
1322,Greece,2011,36.69063686623255
1323,Guatemala,2011,0.0
1324,Honduras,2011,18.34538657240385
1325,Hungary,2011,36.36936525553513
1326,Iceland,2011,33.19733186300172
1327,India,2011,7.22478432018937
1328,Indonesia,2011,12.17112038904321
1329,"Iran, Islamic Rep. of",2011,0.0
1330,Ireland,2011,28.99905582898909
1331,Israel,2011,31.5191804037286
1332,Italy,2011,41.28409540283708
1333,Jamaica,2011,0.945252768190911
1334,Japan,2011,28.46377880394393
1335,Jordan,2011,19.16788489981454
1336,"Kazakhstan, Rep. of",2011,22.25163140386746
1337,Kenya,2011,0.167866299566045
1338,Kiribati,2011,18.25745481173682
1339,"Korea, Rep. of",2011,3.76547941116416
1340,Kuwait,2011,0.799783587970314
1341,Kyrgyz Rep.,2011,2.40993800113361
1342,Latvia,2011,28.21386158404666
1343,"Lesotho, Kingdom of",2011,0.0
1344,Liberia,2011,17.3571381759398
1345,Lithuania,2011,27.3717477935448
1346,Luxembourg,2011,38.46191448104588
1347,"Madagascar, Rep. of",2011,0.0
1348,Malawi,2011,0.0737349896029986
1349,Malaysia,2011,0.0
1350,Maldives,2011,0.0
1351,Malta,2011,32.83734304865062
1352,"Marshall Islands, Rep. of the",2011,29.0255517570368
1353,Mauritius,2011,19.02753692003859
1354,Mexico,2011,12.76980397936236
1355,"Micronesia, Federated States of",2011,7.02840686205243
1356,"Moldova, Rep. of",2011,26.43257698916165
1357,Mongolia,2011,25.0486813482327
1358,Morocco,2011,29.54612552440065
1359,Myanmar,2011,0.0
1360,Namibia,2011,0.0
1361,"Nauru, Rep. of",2011,0.0
1362,Nepal,2011,0.0
1363,"Netherlands, The",2011,35.71073822304301
1364,New Zealand,2011,2.11969574901663
1365,Nicaragua,2011,4.30366595838564
1366,"North Macedonia, Republic of",2011,0.0
1367,Norway,2011,42.19734212583387
1368,"Palau, Rep. of",2011,28.38209234578906
1369,Panama,2011,0.0
1370,Paraguay,2011,12.74001690076694
1371,Peru,2011,18.33246952612724
1372,"Poland, Rep. of",2011,32.64395947155579
1373,Portugal,2011,35.2735078894377
1374,Romania,2011,28.2497142997217
1375,Russian Federation,2011,28.1194547027315
1376,Rwanda,2011,0.0
1377,Samoa,2011,0.0
1378,"San Marino, Rep. of",2011,28.5608201986132
1379,Saudi Arabia,2011,0.0
1380,Senegal,2011,0.0
1381,"Serbia, Rep. of",2011,33.47229227052085
1382,Seychelles,2011,32.9566471593261
1383,Singapore,2011,13.1057219512653
1384,Slovak Rep.,2011,28.99411678084831
1385,"Slovenia, Rep. of",2011,37.65623811001527
1386,Somalia,2011,0.0
1387,South Africa,2011,27.1220036474351
1388,Spain,2011,31.98513202658858
1389,Sri Lanka,2011,0.0
1390,Sweden,2011,42.35400311971474
1391,Switzerland,2011,26.03562391231834
1392,"Tajikistan, Rep. of",2011,0.0
1393,"Tanzania, United Rep. of",2011,0.0
1394,Thailand,2011,18.61019655798858
1395,"Timor-Leste, Dem. Rep. of",2011,133.918480562338
1396,Trinidad and Tobago,2011,0.0
1397,Tunisia,2011,8.40954409990666
1398,Turkey,2011,26.01531825019578
1399,Uganda,2011,0.0315616954640453
1400,Ukraine,2011,36.39496888824621
1401,United Arab Emirates,2011,21.97838705306168
1402,United Kingdom,2011,33.62955315241293
1403,United States,2011,24.23504581010242
1404,Uruguay,2011,25.97700087235214
1405,"Uzbekistan, Rep. of",2011,24.84185884914253
1406,West Bank and Gaza,2011,5.346541022812993
1407,Zambia,2011,0.0
1408,"Afghanistan, Islamic Rep. of",2012,8.042776700442717
1409,Albania,2012,22.23897502221531
1410,Argentina,2012,19.56958165606489
1411,"Armenia, Rep. of",2012,0.469581679239735
1412,Australia,2012,25.72935140675833
1413,Austria,2012,42.48357226086924
1414,"Azerbaijan, Rep. of",2012,15.49182828343714
1415,"Bahamas, The",2012,0.0
1416,"Bahrain, Kingdom of",2012,0.0
1417,Barbados,2012,0.0
1418,"Belarus, Rep. of",2012,35.3255296998795
1419,Belgium,2012,47.21040978830841
1420,Bolivia,2012,0.0
1421,Bosnia and Herzegovina,2012,38.50081300255889
1422,Brazil,2012,34.28726114551576
1423,Bulgaria,2012,200.0510538803265
1424,Burkina Faso,2012,0.0
1425,Cabo Verde,2012,23.01262000010941
1426,Cambodia,2012,0.843372906548055
1427,Canada,2012,31.29163129836297
1428,Central African Rep.,2012,0.0
1429,Chile,2012,21.80835493917806
1430,"China, P.R.: Macao",2012,36.85510819608784
1431,"China, P.R.: Mainland",2012,24.34559614378531
1432,Colombia,2012,5.840536347650744
1433,"Congo, Rep. of",2012,8.101014071060758
1434,Costa Rica,2012,22.0553427875734
1435,"Croatia, Rep. of",2012,36.01471202211384
1436,Cyprus,2012,31.58132979434795
1437,Czech Rep.,2012,34.37127040151517
1438,Côte d'Ivoire,2012,0.0
1439,Denmark,2012,46.71477919284523
1440,Dominican Rep.,2012,13.26072389018793
1441,"Egypt, Arab Rep. of",2012,0.0
1442,El Salvador,2012,19.77289767442842
1443,"Estonia, Rep. of",2012,31.73331681242461
1444,"Ethiopia, The Federal Dem. Rep. of",2012,0.0
1445,Finland,2012,42.45536891219031
1446,France,2012,46.42905701061466
1447,Georgia,2012,24.50111882003533
1448,Germany,2012,39.58336217039243
1449,Ghana,2012,0.0
1450,Greece,2012,39.27617854545651
1451,Guatemala,2012,0.0
1452,Honduras,2012,18.38337033370006
1453,Hungary,2012,39.01069384658634
1454,Iceland,2012,33.95094390725959
1455,India,2012,0.0
1456,Indonesia,2012,12.48422227108648
1457,"Iran, Islamic Rep. of",2012,0.0
1458,Ireland,2012,29.42191974383666
1459,Israel,2012,30.6305241176599
1460,Italy,2012,43.29347348306219
1461,Jamaica,2012,0.905512865585187
1462,Japan,2012,29.0537907224687
1463,Jordan,2012,19.6958765866988
1464,"Kazakhstan, Rep. of",2012,17.47571840955153
1465,Kenya,2012,0.201493549326217
1466,Kiribati,2012,18.96961289778329
1467,"Korea, Rep. of",2012,3.88274156310002
1468,Kuwait,2012,0.716305913936563
1469,Kyrgyz Rep.,2012,2.46859274915266
1470,Latvia,2012,28.97622518009072
1471,"Lesotho, Kingdom of",2012,0.0
1472,Liberia,2012,20.87626855621918
1473,Lithuania,2012,27.11260632980348
1474,Luxembourg,2012,39.8334833299706
1475,"Madagascar, Rep. of",2012,0.0
1476,Malawi,2012,0.100661507611188
1477,Malaysia,2012,0.0
1478,Maldives,2012,0.0
1479,Malta,2012,32.54009119473797
1480,"Marshall Islands, Rep. of the",2012,27.1523556150586
1481,Mauritius,2012,19.58697710498395
1482,Mexico,2012,12.65200454146367
1483,"Micronesia, Federated States of",2012,6.70686515603731
1484,"Moldova, Rep. of",2012,27.90078564537887
1485,Mongolia,2012,22.75381028806639
1486,Morocco,2012,0.0
1487,Myanmar,2012,4.815049541516936
1488,Namibia,2012,0.0
1489,"Nauru, Rep. of",2012,0.0
1490,Nepal,2012,0.0
1491,"Netherlands, The",2012,35.81580051641275
1492,New Zealand,2012,2.15486918268118
1493,Nicaragua,2012,4.43833740149167
1494,"North Macedonia, Republic of",2012,0.0
1495,Norway,2012,41.68117101819703
1496,"Palau, Rep. of",2012,27.78141781994603
1497,Panama,2012,0.0
1498,Paraguay,2012,13.25660567977646
1499,Peru,2012,18.94520557870266
1500,"Poland, Rep. of",2012,32.99039128212991
1501,Portugal,2012,34.26126886264403
1502,Romania,2012,27.799839506346
1503,Russian Federation,2012,28.15850603640936
1504,Rwanda,2012,0.0
1505,Samoa,2012,21.40812919651026
1506,"San Marino, Rep. of",2012,31.1407017186207
1507,Saudi Arabia,2012,0.0
1508,Senegal,2012,0.0
1509,"Serbia, Rep. of",2012,34.41420521691126
1510,Seychelles,2012,30.4051783429871
1511,Singapore,2012,13.5806687357042
1512,Slovak Rep.,2012,28.6042054588601
1513,"Slovenia, Rep. of",2012,38.08172266647551
1514,Somalia,2012,0.0
1515,South Africa,2012,27.63337985589202
1516,Spain,2012,33.17489397235375
1517,Sri Lanka,2012,0.0
1518,Sweden,2012,42.53415497266161
1519,Switzerland,2012,25.94115988873912
1520,"Tajikistan, Rep. of",2012,0.0
1521,"Tanzania, United Rep. of",2012,0.0
1522,Thailand,2012,17.59730402211338
1523,"Timor-Leste, Dem. Rep. of",2012,149.283511307425
1524,Trinidad and Tobago,2012,0.0
1525,Tunisia,2012,8.641814621031129
1526,Turkey,2012,25.64971394441948
1527,Uganda,2012,0.0339253809080116
1528,Ukraine,2012,37.34817405381622
1529,United Arab Emirates,2012,22.76237310987044
1530,United Kingdom,2012,32.82339332971139
1531,United States,2012,24.37618486583261
1532,Uruguay,2012,26.2090050657517
1533,"Uzbekistan, Rep. of",2012,25.60317760512324
1534,West Bank and Gaza,2012,4.655163569282231
1535,Zambia,2012,0.0
1536,"Afghanistan, Islamic Rep. of",2013,7.577500984237309
1537,Albania,2013,21.39524313137569
1538,Argentina,2013,19.30363659220499
1539,"Armenia, Rep. of",2013,22.43687843437827
1540,Australia,2013,26.47187505580602
1541,Austria,2013,43.33078427292499
1542,"Azerbaijan, Rep. of",2013,16.23199615001206
1543,"Bahamas, The",2013,0.0
1544,"Bahrain, Kingdom of",2013,0.0
1545,Barbados,2013,0.0
1546,"Belarus, Rep. of",2013,35.9660706870626
1547,Belgium,2013,48.01707900631234
1548,Bolivia,2013,0.0
1549,Bosnia and Herzegovina,2013,37.52588784791443
1550,Brazil,2013,34.07607632877041
1551,Bulgaria,2013,211.5506281812482
1552,Burkina Faso,2013,0.0
1553,Cabo Verde,2013,22.85736882268104
1554,Cambodia,2013,0.817254209281312
1555,Canada,2013,31.25309173834942
1556,Central African Rep.,2013,0.0
1557,Chile,2013,20.23632173078765
1558,"China, P.R.: Macao",2013,36.43204002666748
1559,"China, P.R.: Mainland",2013,24.40013546769716
1560,Colombia,2013,21.06152722618373
1561,"Congo, Rep. of",2013,9.906441876802356
1562,Costa Rica,2013,22.46183949627526
1563,"Croatia, Rep. of",2013,36.66020681408118
1564,Cyprus,2013,31.71603223117529
1565,Czech Rep.,2013,34.78555985295978
1566,Côte d'Ivoire,2013,0.0
1567,Denmark,2013,47.11037132121075
1568,Dominican Rep.,2013,13.73157381287463
1569,"Egypt, Arab Rep. of",2013,0.0
1570,El Salvador,2013,19.97501701834889
1571,"Estonia, Rep. of",2013,31.71556117727559
1572,"Ethiopia, The Federal Dem. Rep. of",2013,0.0
1573,Finland,2013,43.4566197307179
1574,France,2013,47.4238247034157
1575,Georgia,2013,23.2899262955918
1576,Germany,2013,39.70700908816053
1577,Ghana,2013,0.0
1578,Greece,2013,38.69978175663644
1579,Guatemala,2013,0.0
1580,Honduras,2013,19.02722057469157
1581,Hungary,2013,38.55008035411279
1582,Iceland,2013,34.31937158675223
1583,India,2013,6.4297449063161
1584,Indonesia,2013,12.49477537189401
1585,"Iran, Islamic Rep. of",2013,0.0
1586,Ireland,2013,29.74030800787016
1587,Israel,2013,31.3662725045704
1588,Italy,2013,43.38812587195787
1589,Jamaica,2013,1.00637389712096
1590,Japan,2013,29.89954797083727
1591,Jordan,2013,19.72557961334776
1592,"Kazakhstan, Rep. of",2013,20.07733536628961
1593,Kenya,2013,0.0
1594,Kiribati,2013,18.63582269311206
1595,"Korea, Rep. of",2013,3.70500990392447
1596,Kuwait,2013,0.777450643373813
1597,Kyrgyz Rep.,2013,20.5019535889633
1598,Latvia,2013,29.28166610458458
1599,"Lesotho, Kingdom of",2013,0.0
1600,Liberia,2013,20.1838019781003
1601,Lithuania,2013,27.03101348188904
1602,Luxembourg,2013,39.64617253948968
1603,"Madagascar, Rep. of",2013,0.0
1604,Malawi,2013,0.0905374378456307
1605,Malaysia,2013,0.0
1606,Maldives,2013,0.0
1607,Malta,2013,32.3445545227454
1608,"Marshall Islands, Rep. of the",2013,27.6669306764178
1609,Mauritius,2013,19.21242652330713
1610,Mexico,2013,13.30575124323929
1611,"Micronesia, Federated States of",2013,6.59129008310084
1612,"Moldova, Rep. of",2013,27.32085308712583
1613,Mongolia,2013,24.22610424257388
1614,Morocco,2013,0.0
1615,Myanmar,2013,5.95031722356493
1616,Namibia,2013,0.0
1617,"Nauru, Rep. of",2013,0.0
1618,Nepal,2013,0.0
1619,"Netherlands, The",2013,36.34253546375804
1620,New Zealand,2013,2.11092400122791
1621,Nicaragua,2013,4.71604183075484
1622,"North Macedonia, Republic of",2013,24.60409866594538
1623,Norway,2013,40.09430767667872
1624,"Palau, Rep. of",2013,27.67242011054978
1625,Panama,2013,0.0
1626,Paraguay,2013,12.92228579843932
1627,Peru,2013,18.88035564303374
1628,"Poland, Rep. of",2013,32.94826776972146
1629,Portugal,2013,36.99876709974581
1630,Romania,2013,27.30469167097923
1631,Russian Federation,2013,27.75406689255566
1632,Rwanda,2013,0.0
1633,Samoa,2013,24.06661038782447
1634,"San Marino, Rep. of",2013,30.3979006250751
1635,Saudi Arabia,2013,0.0
1636,Senegal,2013,0.0
1637,"Serbia, Rep. of",2013,33.98369192027248
1638,Seychelles,2013,28.0660557420326
1639,Singapore,2013,13.2712500808714
1640,Slovak Rep.,2013,30.87114482858671
1641,"Slovenia, Rep. of",2013,37.67254158620079
1642,Somalia,2013,0.0
1643,South Africa,2013,28.12376518316979
1644,Spain,2013,34.00604499641303
1645,Sri Lanka,2013,0.0
1646,Sweden,2013,42.92346895665363
1647,Switzerland,2013,26.06120590533419
1648,"Tajikistan, Rep. of",2013,0.0
1649,"Tanzania, United Rep. of",2013,0.0
1650,Thailand,2013,19.23787855066875
1651,"Timor-Leste, Dem. Rep. of",2013,93.878673955671
1652,Trinidad and Tobago,2013,0.0
1653,Tunisia,2013,0.0
1654,Turkey,2013,26.06228235444507
1655,Uganda,2013,0.0363359081781986
1656,Ukraine,2013,36.29133244448876
1657,United Arab Emirates,2013,22.33451481050482
1658,United Kingdom,2013,32.70292798662727
1659,United States,2013,25.9516482146382
1660,Uruguay,2013,26.80330598262802
1661,"Uzbekistan, Rep. of",2013,26.47614235742001
1662,West Bank and Gaza,2013,4.906658438339875
1663,Zambia,2013,0.0
1664,"Afghanistan, Islamic Rep. of",2014,7.170172449092476
1665,Albania,2014,23.93361502582952
1666,Argentina,2014,19.14290054047189
1667,"Armenia, Rep. of",2014,22.43307465624124
1668,Australia,2014,26.85395033091043
1669,Austria,2014,43.34177107281162
1670,"Azerbaijan, Rep. of",2014,17.30315297530587
1671,"Bahamas, The",2014,0.0
1672,"Bahrain, Kingdom of",2014,0.0
1673,Barbados,2014,0.0
1674,"Belarus, Rep. of",2014,34.7391991017045
1675,Belgium,2014,47.60434139611518
1676,Bolivia,2014,0.0
1677,Bosnia and Herzegovina,2014,37.77203094830189
1678,Brazil,2014,33.45226347148877
1679,Bulgaria,2014,218.8822470250642
1680,Burkina Faso,2014,0.0
1681,Cabo Verde,2014,22.59601421728829
1682,Cambodia,2014,0.879364311549031
1683,Canada,2014,31.3861159818698
1684,Central African Rep.,2014,0.0
1685,Chile,2014,19.8754719731726
1686,"China, P.R.: Macao",2014,35.12950405482355
1687,"China, P.R.: Mainland",2014,24.39066465068586
1688,Colombia,2014,23.25433360724358
1689,"Congo, Rep. of",2014,10.61025691030486
1690,Costa Rica,2014,22.05479723255481
1691,"Croatia, Rep. of",2014,36.72902467365879
1692,Cyprus,2014,33.57276451216856
1693,Czech Rep.,2014,33.98945088161674
1694,Côte d'Ivoire,2014,0.0
1695,Denmark,2014,49.70610726516967
1696,Dominican Rep.,2014,13.68250509676768
1697,"Egypt, Arab Rep. of",2014,0.0
1698,El Salvador,2014,19.70911645275535
1699,"Estonia, Rep. of",2014,32.20384043878186
1700,"Ethiopia, The Federal Dem. Rep. of",2014,0.0
1701,Finland,2014,43.5641889442572
1702,France,2014,47.62762441476157
1703,Georgia,2014,23.26686114391935
1704,Germany,2014,39.46659698096966
1705,Ghana,2014,0.0
1706,Greece,2014,39.31795499269795
1707,Guatemala,2014,13.96154503101837
1708,Honduras,2014,20.18529713350021
1709,Hungary,2014,38.44921067865439
1710,Iceland,2014,37.11071297353765
1711,India,2014,6.34793502706136
1712,Indonesia,2014,12.14908341509678
1713,"Iran, Islamic Rep. of",2014,0.0
1714,Ireland,2014,29.80680538028257
1715,Israel,2014,31.55405328302826
1716,Italy,2014,43.07542186768395
1717,Jamaica,2014,1.0520831576667
1718,Japan,2014,31.31117234507933
1719,Jordan,2014,0.0
1720,"Kazakhstan, Rep. of",2014,18.37405343022316
1721,Kenya,2014,17.22202218345847
1722,Kiribati,2014,18.35269598671772
1723,"Korea, Rep. of",2014,4.06763413097134
1724,Kuwait,2014,0.890137289633498
1725,Kyrgyz Rep.,2014,25.97900143251455
1726,Latvia,2014,29.82866112874342
1727,"Lesotho, Kingdom of",2014,0.0
1728,Liberia,2014,0.0
1729,Lithuania,2014,27.58601799279966
1730,Luxembourg,2014,38.90056076942226
1731,"Madagascar, Rep. of",2014,0.0
1732,Malawi,2014,0.0727672524720552
1733,Malaysia,2014,0.0
1734,Maldives,2014,0.0
1735,Malta,2014,32.39596197187939
1736,"Marshall Islands, Rep. of the",2014,27.1048085537649
1737,Mauritius,2014,19.52362126398374
1738,Mexico,2014,13.78457113828435
1739,"Micronesia, Federated States of",2014,6.33498754820767
1740,"Moldova, Rep. of",2014,27.17609818255605
1741,Mongolia,2014,21.25807648067377
1742,Morocco,2014,0.0
1743,Myanmar,2014,6.30722387270244
1744,Namibia,2014,0.0
1745,"Nauru, Rep. of",2014,18.8989368415672
1746,Nepal,2014,0.0
1747,"Netherlands, The",2014,37.22318184525582
1748,New Zealand,2014,2.1200807014048
1749,Nicaragua,2014,4.91603922257812
1750,"North Macedonia, Republic of",2014,25.07963354655054
1751,Norway,2014,39.02685736882222
1752,"Palau, Rep. of",2014,28.76040039039853
1753,Panama,2014,0.2378164257071316
1754,Paraguay,2014,14.04073105788925
1755,Peru,2014,19.18285298189484
1756,"Poland, Rep. of",2014,32.93165288741373
1757,Portugal,2014,36.91708180755448
1758,Romania,2014,27.41647465394784
1759,Russian Federation,2014,28.30088817722937
1760,Rwanda,2014,14.7335355036174
1761,Samoa,2014,25.49539230636409
1762,"San Marino, Rep. of",2014,31.682529060753
1763,Saudi Arabia,2014,0.0
1764,Senegal,2014,0.0
1765,"Serbia, Rep. of",2014,35.53024952529006
1766,Seychelles,2014,30.0824728254014
1767,Singapore,2014,13.5565571344028
1768,Slovak Rep.,2014,31.79894532305049
1769,"Slovenia, Rep. of",2014,37.59464529603398
1770,Somalia,2014,0.0
1771,South Africa,2014,28.72631471427035
1772,Spain,2014,34.6355887373832
1773,Sri Lanka,2014,0.0
1774,Sweden,2014,42.5942149857365
1775,Switzerland,2014,25.94951441580386
1776,"Tajikistan, Rep. of",2014,0.0
1777,"Tanzania, United Rep. of",2014,13.96666040506512
1778,Thailand,2014,18.21944653854173
1779,"Timor-Leste, Dem. Rep. of",2014,62.8003768184538
1780,Trinidad and Tobago,2014,0.0
1781,Tunisia,2014,0.0
1782,Turkey,2014,25.92550472218658
1783,Uganda,2014,0.0348360913172924
1784,Ukraine,2014,33.96732654237933
1785,United Arab Emirates,2014,18.97433203546726
1786,United Kingdom,2014,32.3601938370635
1787,United States,2014,26.34964125311423
1788,Uruguay,2014,26.72977800161732
1789,"Uzbekistan, Rep. of",2014,25.80698724026666
1790,West Bank and Gaza,2014,5.840634430613861
1791,Zambia,2014,0.0
1792,"Afghanistan, Islamic Rep. of",2015,7.879228980325967
1793,Albania,2015,23.98563416732555
1794,Argentina,2015,19.23639185881749
1795,"Armenia, Rep. of",2015,21.57537682870154
1796,Australia,2015,27.10676314487092
1797,Austria,2015,43.68144356757922
1798,"Azerbaijan, Rep. of",2015,19.06803972048548
1799,"Bahamas, The",2015,0.0
1800,"Bahrain, Kingdom of",2015,0.0
1801,Barbados,2015,0.0
1802,"Belarus, Rep. of",2015,35.5822446366976
1803,Belgium,2015,46.66663466938
1804,Bolivia,2015,0.0
1805,Bosnia and Herzegovina,2015,37.6736337057921
1806,Brazil,2015,33.78369327921818
1807,Bulgaria,2015,223.0152905113911
1808,Burkina Faso,2015,0.0
1809,Cabo Verde,2015,24.46794676802867
1810,Cambodia,2015,1.03697121395652
1811,Canada,2015,32.95515918331663
1812,Central African Rep.,2015,0.0
1813,Chile,2015,20.376097552705
1814,"China, P.R.: Macao",2015,29.19514032690398
1815,"China, P.R.: Mainland",2015,24.32740136676623
1816,Colombia,2015,23.20555804392482
1817,"Congo, Rep. of",2015,13.02122253684744
1818,Costa Rica,2015,22.33267375471225
1819,"Croatia, Rep. of",2015,37.20536710023492
1820,Cyprus,2015,32.91023160625819
1821,Czech Rep.,2015,34.13775047142091
1822,Côte d'Ivoire,2015,0.813822085892606
1823,Denmark,2015,47.13473479096978
1824,Dominican Rep.,2015,13.17101156334759
1825,"Egypt, Arab Rep. of",2015,0.0
1826,El Salvador,2015,19.76122926431341
1827,"Estonia, Rep. of",2015,33.36273839303929
1828,"Ethiopia, The Federal Dem. Rep. of",2015,0.0
1829,Finland,2015,43.5522861130166
1830,France,2015,47.51582036651583
1831,Georgia,2015,23.60629533358421
1832,Germany,2015,39.86078157941692
1833,Ghana,2015,0.0
1834,Greece,2015,39.66271080574638
1835,Guatemala,2015,13.52323082662673
1836,Honduras,2015,20.82382197442006
1837,Hungary,2015,38.71054422531
1838,Iceland,2015,35.13871105061685
1839,India,2015,6.24225323067964
1840,Indonesia,2015,12.03616525371172
1841,"Iran, Islamic Rep. of",2015,0.0
1842,Ireland,2015,23.92825674179324
1843,Israel,2015,31.7264116152825
1844,Italy,2015,42.85944706724543
1845,Jamaica,2015,0.966260849444301
1846,Japan,2015,31.4529780369563
1847,Jordan,2015,0.0
1848,"Kazakhstan, Rep. of",2015,14.16628599792162
1849,Kenya,2015,16.60988577236709
1850,Kiribati,2015,22.66584139611458
1851,"Korea, Rep. of",2015,4.4045094058944
1852,Kuwait,2015,1.38077794653953
1853,Kyrgyz Rep.,2015,25.30197026918664
1854,Latvia,2015,29.91597450221446
1855,"Lesotho, Kingdom of",2015,0.0
1856,Liberia,2015,0.0
1857,Lithuania,2015,29.01091691948463
1858,Luxembourg,2015,37.55170102389867
1859,"Madagascar, Rep. of",2015,0.0
1860,Malawi,2015,0.0494077978027282
1861,Malaysia,2015,0.0
1862,Maldives,2015,0.0
1863,Malta,2015,30.30338981524918
1864,"Marshall Islands, Rep. of the",2015,29.1431636191098
1865,Mauritius,2015,9.522606875452865
1866,Mexico,2015,15.99068080932119
1867,"Micronesia, Federated States of",2015,6.88914361186403
1868,"Moldova, Rep. of",2015,26.58684843349821
1869,Mongolia,2015,20.06619870059417
1870,Morocco,2015,0.0
1871,Myanmar,2015,6.502848254958499
1872,Namibia,2015,0.0
1873,"Nauru, Rep. of",2015,16.6012761744551
1874,Nepal,2015,0.0
1875,"Netherlands, The",2015,37.03145470777156
1876,New Zealand,2015,2.1419163294993
1877,Nicaragua,2015,5.23243205522037
1878,"North Macedonia, Republic of",2015,25.86854993452053
1879,Norway,2015,38.71147427589898
1880,"Palau, Rep. of",2015,27.91390032270484
1881,Panama,2015,0.2454805453770037
1882,Paraguay,2015,14.03967229105753
1883,Peru,2015,17.50409075635694
1884,"Poland, Rep. of",2015,33.23568810625389
1885,Portugal,2015,36.85406803729499
1886,Romania,2015,27.99316337184318
1887,Russian Federation,2015,25.46118198739302
1888,Rwanda,2015,15.03318521067985
1889,Samoa,2015,24.1083710121536
1890,"San Marino, Rep. of",2015,31.3341475927796
1891,Saudi Arabia,2015,0.0
1892,Senegal,2015,16.8862545303631
1893,"Serbia, Rep. of",2015,35.49064694763652
1894,Seychelles,2015,29.5985834380958
1895,Singapore,2015,13.1397745298612
1896,Slovak Rep.,2015,32.60148732066656
1897,"Slovenia, Rep. of",2015,37.68280805610963
1898,Somalia,2015,0.0
1899,South Africa,2015,29.45153995015659
1900,Spain,2015,34.46635547842872
1901,Sri Lanka,2015,0.0
1902,Sweden,2015,43.03133222390955
1903,Switzerland,2015,26.69545089764047
1904,"Tajikistan, Rep. of",2015,0.0
1905,"Tanzania, United Rep. of",2015,0.221886376403006
1906,Thailand,2015,18.68644878993028
1907,"Timor-Leste, Dem. Rep. of",2015,36.0724702807723
1908,Trinidad and Tobago,2015,0.0
1909,Tunisia,2015,0.0
1910,Turkey,2015,26.31662854223234
1911,Uganda,2015,10.41010694227504
1912,Ukraine,2015,34.45144286472912
1913,United Arab Emirates,2015,12.4940791328393
1914,United Kingdom,2015,32.5677561585734
1915,United States,2015,26.68459369906389
1916,Uruguay,2015,26.57351384328096
1917,"Uzbekistan, Rep. of",2015,25.31245472775546
1918,West Bank and Gaza,2015,5.724320984342916
1919,Zambia,2015,0.0
1920,"Afghanistan, Islamic Rep. of",2016,9.15742945308144
1921,Albania,2016,23.53732582943455
1922,Argentina,2016,19.00314512010162
1923,"Armenia, Rep. of",2016,21.76192645849705
1924,Australia,2016,27.2874886839417
1925,Austria,2016,42.24304545759606
1926,"Azerbaijan, Rep. of",2016,17.86262685104888
1927,"Bahamas, The",2016,0.0
1928,"Bahrain, Kingdom of",2016,0.0
1929,Barbados,2016,0.0
1930,"Belarus, Rep. of",2016,35.7486141242983
1931,Belgium,2016,45.84551890905286
1932,Bolivia,2016,0.0
1933,Bosnia and Herzegovina,2016,37.5728433542117
1934,Brazil,2016,33.91758036007275
1935,Bulgaria,2016,213.2437105667059
1936,Burkina Faso,2016,0.0
1937,Cabo Verde,2016,25.04684926197083
1938,Cambodia,2016,0.929641552465543
1939,Canada,2016,33.37009728294004
1940,Central African Rep.,2016,0.0
1941,Chile,2016,20.39257277075115
1942,"China, P.R.: Macao",2016,27.81947408098813
1943,"China, P.R.: Mainland",2016,23.7792526315197
1944,Colombia,2016,22.65859733803346
1945,"Congo, Rep. of",2016,14.1653272232519
1946,Costa Rica,2016,22.84495567724519
1947,"Croatia, Rep. of",2016,37.65514935976462
1948,Cyprus,2016,32.06880338945442
1949,Czech Rep.,2016,34.92550250965579
1950,Côte d'Ivoire,2016,0.85403883619805
1951,Denmark,2016,46.44984436445614
1952,Dominican Rep.,2016,13.19575586857079
1953,"Egypt, Arab Rep. of",2016,0.0
1954,El Salvador,2016,20.41828710721642
1955,"Estonia, Rep. of",2016,33.57790867164185
1956,"Ethiopia, The Federal Dem. Rep. of",2016,0.0
1957,Finland,2016,43.7421270883329
1958,France,2016,47.46820796829552
1959,Georgia,2016,24.51751190172943
1960,Germany,2016,40.30570318431513
1961,Ghana,2016,0.0
1962,Greece,2016,41.95090594994171
1963,Guatemala,2016,13.77300043233921
1964,Honduras,2016,0.0
1965,Hungary,2016,39.07127770374099
1966,Iceland,2016,50.28566789937868
1967,India,2016,6.01948976296919
1968,Indonesia,2016,11.60267724647805
1969,"Iran, Islamic Rep. of",2016,0.0
1970,Ireland,2016,24.34715246354482
1971,Israel,2016,31.66187554114386
1972,Italy,2016,42.22989090021328
1973,Jamaica,2016,0.98950622577485
1974,Japan,2016,31.47497503441409
1975,Jordan,2016,0.0
1976,"Kazakhstan, Rep. of",2016,14.12358197500786
1977,Kenya,2016,16.92264591513796
1978,Kiribati,2016,25.47043849212962
1979,"Korea, Rep. of",2016,4.44058227370744
1980,Kuwait,2016,0.0
1981,Kyrgyz Rep.,2016,25.10223978609837
1982,Latvia,2016,30.82704952464445
1983,"Lesotho, Kingdom of",2016,0.0
1984,Liberia,2016,0.0
1985,Lithuania,2016,29.76020766317211
1986,Luxembourg,2016,37.58851554298383
1987,"Madagascar, Rep. of",2016,0.0
1988,Malawi,2016,0.0520692502169157
1989,Malaysia,2016,0.0
1990,Maldives,2016,0.0
1991,Malta,2016,31.21849194793563
1992,"Marshall Islands, Rep. of the",2016,28.2078555064605
1993,Mauritius,2016,19.12823456349984
1994,Mexico,2016,16.69956754433261
1995,"Micronesia, Federated States of",2016,6.85697375817067
1996,"Moldova, Rep. of",2016,26.43280499231768
1997,Mongolia,2016,20.17690052415561
1998,Morocco,2016,0.0
1999,Myanmar,2016,7.93815218517831
2000,Namibia,2016,30.46030981717942
2001,"Nauru, Rep. of",2016,24.6022864076862
2002,Nepal,2016,0.0
2003,"Netherlands, The",2016,38.47391848795135
2004,New Zealand,2016,2.15450606780652
2005,Nicaragua,2016,5.60044885996995
2006,"North Macedonia, Republic of",2016,25.69251315665589
2007,Norway,2016,39.17853504738956
2008,"Palau, Rep. of",2016,29.89904290122678
2009,Panama,2016,0.2538303984678018
2010,Paraguay,2016,13.60046893975475
2011,Peru,2016,16.20493924082339
2012,"Poland, Rep. of",2016,34.15194569663709
2013,Portugal,2016,36.39879339245361
2014,Romania,2016,26.56443866811147
2015,Russian Federation,2016,26.08593593961884
2016,Rwanda,2016,16.95717359968909
2017,Samoa,2016,24.79995978941768
2018,"San Marino, Rep. of",2016,29.9317454508351
2019,Saudi Arabia,2016,3.43045785167285
2020,Senegal,2016,17.82235107186705
2021,"Serbia, Rep. of",2016,36.33227221506478
2022,Seychelles,2016,31.7150038440665
2023,Singapore,2016,13.3258853369829
2024,Slovak Rep.,2016,33.03855820065016
2025,"Slovenia, Rep. of",2016,37.73823717766442
2026,Somalia,2016,0.0
2027,South Africa,2016,29.28285217967862
2028,Spain,2016,34.19566544566538
2029,Sri Lanka,2016,0.0
2030,Sweden,2016,44.52380968559449
2031,Switzerland,2016,26.70188262260915
2032,"Tajikistan, Rep. of",2016,0.0
2033,"Tanzania, United Rep. of",2016,0.415390963705324
2034,Thailand,2016,17.79051506281487
2035,"Timor-Leste, Dem. Rep. of",2016,14.9952251638194
2036,Trinidad and Tobago,2016,0.0
2037,Tunisia,2016,0.0
2038,Turkey,2016,26.47277236874514
2039,Uganda,2016,10.73281899822423
2040,Ukraine,2016,30.85911308406629
2041,United Arab Emirates,2016,8.642015799931063
2042,United Kingdom,2016,33.1321012757731
2043,United States,2016,26.36465009547955
2044,Uruguay,2016,31.50871773987551
2045,"Uzbekistan, Rep. of",2016,25.0751908629063
2046,West Bank and Gaza,2016,6.205831818662422
2047,Zambia,2016,0.0
2048,"Afghanistan, Islamic Rep. of",2017,9.517578553315296
2049,Albania,2017,25.28104673794014
2050,Argentina,2017,17.73423341191569
2051,"Armenia, Rep. of",2017,21.26145747207391
2052,Australia,2017,26.99731639325028
2053,Austria,2017,42.32301667861133
2054,"Azerbaijan, Rep. of",2017,16.24389730699569
2055,"Bahamas, The",2017,0.0
2056,"Bahrain, Kingdom of",2017,0.0
2057,Barbados,2017,0.0
2058,"Belarus, Rep. of",2017,34.5719906655622
2059,Belgium,2017,46.40222446916079
2060,Bolivia,2017,0.0
2061,Bosnia and Herzegovina,2017,37.87997874562577
2062,Brazil,2017,34.14951287784417
2063,Bulgaria,2017,215.657374970485
2064,Burkina Faso,2017,0.0
2065,Cabo Verde,2017,25.96129860093492
2066,Cambodia,2017,1.11973900086684
2067,Canada,2017,33.18342496476526
2068,Central African Rep.,2017,0.0
2069,Chile,2017,20.50474004240682
2070,"China, P.R.: Macao",2017,29.08971353589687
2071,"China, P.R.: Mainland",2017,23.96261570305698
2072,Colombia,2017,20.31221718338182
2073,"Congo, Rep. of",2017,11.48052692207083
2074,Costa Rica,2017,22.37248561939296
2075,"Croatia, Rep. of",2017,37.58692928726732
2076,Cyprus,2017,32.93853349171712
2077,Czech Rep.,2017,35.26393324806197
2078,Côte d'Ivoire,2017,12.83988713234653
2079,Denmark,2017,46.38789581205315
2080,Dominican Rep.,2017,13.26684599084713
2081,"Egypt, Arab Rep. of",2017,0.0
2082,El Salvador,2017,20.76255167107033
2083,"Estonia, Rep. of",2017,32.89112904748461
2084,"Ethiopia, The Federal Dem. Rep. of",2017,0.0
2085,Finland,2017,42.8579635087782
2086,France,2017,48.09014461689272
2087,Georgia,2017,24.30837988372936
2088,Germany,2017,40.48672241334975
2089,Ghana,2017,0.0
2090,Greece,2017,42.05541004335258
2091,Guatemala,2017,11.86187787283276
2092,Honduras,2017,0.0
2093,Hungary,2017,37.8524360475238
2094,Iceland,2017,37.1302184958663
2095,India,2017,6.26612002362808
2096,Indonesia,2017,11.20249616144029
2097,"Iran, Islamic Rep. of",2017,0.0
2098,Ireland,2017,23.37450029468724
2099,Israel,2017,33.0460764690916
2100,Italy,2017,41.84670789298351
2101,Jamaica,2017,1.07930865589338
2102,Japan,2017,31.96963385427372
2103,Jordan,2017,0.0
2104,"Kazakhstan, Rep. of",2017,14.34253767617927
2105,Kenya,2017,16.24816556196088
2106,Kiribati,2017,22.58899187830207
2107,"Korea, Rep. of",2017,4.47821191754532
2108,Kuwait,2017,0.0
2109,Kyrgyz Rep.,2017,25.13870561533418
2110,Latvia,2017,31.25290730385942
2111,"Lesotho, Kingdom of",2017,0.0
2112,Liberia,2017,0.0
2113,Lithuania,2017,29.53931398916176
2114,Luxembourg,2017,38.81136439241525
2115,"Madagascar, Rep. of",2017,0.0
2116,Malawi,2017,0.128766359532268
2117,Malaysia,2017,0.0
2118,Maldives,2017,0.0
2119,Malta,2017,30.88324148648901
2120,"Marshall Islands, Rep. of the",2017,30.0046687475206
2121,Mauritius,2017,19.56889730446787
2122,Mexico,2017,16.16906716193049
2123,"Micronesia, Federated States of",2017,7.05633926900904
2124,"Moldova, Rep. of",2017,27.94501974691682
2125,Mongolia,2017,22.75260776707458
2126,Morocco,2017,0.0
2127,Myanmar,2017,6.803674885529297
2128,Namibia,2017,32.0963435303666
2129,"Nauru, Rep. of",2017,22.4963731402187
2130,Nepal,2017,0.0
2131,"Netherlands, The",2017,38.75710225348374
2132,New Zealand,2017,2.11061508628507
2133,Nicaragua,2017,5.76125896382415
2134,"North Macedonia, Republic of",2017,25.98448499221817
2135,Norway,2017,39.09786483023819
2136,"Palau, Rep. of",2017,30.41870278708653
2137,Panama,2017,0.2566269425726745
2138,Paraguay,2017,14.1873377991087
2139,Peru,2017,15.49174263268698
2140,"Poland, Rep. of",2017,34.85128864479486
2141,Portugal,2017,36.36779875793004
2142,Romania,2017,25.7274514839042
2143,Russian Federation,2017,26.23700938120621
2144,Rwanda,2017,16.0987542589498
2145,Samoa,2017,25.51663637548602
2146,"San Marino, Rep. of",2017,29.7430877324057
2147,Saudi Arabia,2017,3.14799976229469
2148,Senegal,2017,17.46088230280834
2149,"Serbia, Rep. of",2017,37.34101001448073
2150,Seychelles,2017,31.9877808611538
2151,Singapore,2017,14.0473782042035
2152,Slovak Rep.,2017,33.91241648271658
2153,"Slovenia, Rep. of",2017,37.40695352151638
2154,Somalia,2017,4.409960316278347
2155,South Africa,2017,28.34273613810646
2156,Spain,2017,34.44043078941055
2157,Sri Lanka,2017,0.0
2158,Sweden,2017,44.53338678089577
2159,Switzerland,2017,27.39474537893424
2160,"Tajikistan, Rep. of",2017,0.0
2161,"Tanzania, United Rep. of",2017,0.0
2162,Thailand,2017,17.26045726152504
2163,"Timor-Leste, Dem. Rep. of",2017,20.0456359093285
2164,Trinidad and Tobago,2017,0.0
2165,Tunisia,2017,0.0
2166,Turkey,2017,25.39633447821082
2167,Uganda,2017,11.08722943094805
2168,Ukraine,2017,32.03229050728812
2169,United Arab Emirates,2017,11.78385125936985
2170,United Kingdom,2017,33.69139053064231
2171,United States,2017,27.32469439221754
2172,Uruguay,2017,28.26846025393281
2173,"Uzbekistan, Rep. of",2017,22.1302508528928
2174,West Bank and Gaza,2017,6.533933189747674
2175,Zambia,2017,0.0
2176,"Afghanistan, Islamic Rep. of",2018,0.0
2177,Albania,2018,25.16474202413009
2178,Argentina,2018,16.30499280356533
2179,"Armenia, Rep. of",2018,21.30695601679875
2180,Australia,2018,27.88542468842463
2181,Austria,2018,42.67297052459006
2182,"Azerbaijan, Rep. of",2018,15.99020001997698
2183,"Bahamas, The",2018,0.0
2184,"Bahrain, Kingdom of",2018,0.0
2185,Barbados,2018,0.0
2186,"Belarus, Rep. of",2018,35.6201725783337
2187,Belgium,2018,46.42898103699192
2188,Bolivia,2018,0.0
2189,Bosnia and Herzegovina,2018,38.06419932477513
2190,Brazil,2018,34.49821004717035
2191,Bulgaria,2018,231.9239029726505
2192,Burkina Faso,2018,0.990673976762467
2193,Cabo Verde,2018,6.823191845694735
2194,Cambodia,2018,1.59377664190926
2195,Canada,2018,33.69607308817622
2196,Central African Rep.,2018,0.0
2197,Chile,2018,21.3265665413142
2198,"China, P.R.: Macao",2018,29.46440462727553
2199,"China, P.R.: Mainland",2018,24.80751010874211
2200,Colombia,2018,21.47920957411697
2201,"Congo, Rep. of",2018,8.680058251561348
2202,Costa Rica,2018,22.54164342559062
2203,"Croatia, Rep. of",2018,38.24990100500034
2204,Cyprus,2018,33.31443222007594
2205,Czech Rep.,2018,35.85599108262709
2206,Côte d'Ivoire,2018,12.73858398086803
2207,Denmark,2018,45.01731892789074
2208,Dominican Rep.,2018,13.25317609425745
2209,"Egypt, Arab Rep. of",2018,0.0
2210,El Salvador,2018,20.81217885394413
2211,"Estonia, Rep. of",2018,33.11595000015494
2212,"Ethiopia, The Federal Dem. Rep. of",2018,0.0
2213,Finland,2018,42.4028132335052
2214,France,2018,47.94368566745061
2215,Georgia,2018,23.42007605672899
2216,Germany,2018,40.99923987339144
2217,Ghana,2018,0.0
2218,Greece,2018,42.4872167231413
2219,Guatemala,2018,13.99216372301627
2220,Honduras,2018,0.0
2221,Hungary,2018,36.79792642057607
2222,Iceland,2018,36.50753030414297
2223,India,2018,0.0
2224,Indonesia,2018,11.55840853414952
2225,"Iran, Islamic Rep. of",2018,0.0
2226,Ireland,2018,23.05659485587744
2227,Israel,2018,31.50864021512984
2228,Italy,2018,41.71981173718618
2229,Jamaica,2018,1.09846731678218
2230,Japan,2018,32.75601045036517
2231,Jordan,2018,23.22529735428672
2232,"Kazakhstan, Rep. of",2018,15.68092163012407
2233,Kenya,2018,15.81562152824281
2234,Kiribati,2018,21.28487590597314
2235,"Korea, Rep. of",2018,4.53301766520542
2236,Kuwait,2018,0.0
2237,Kyrgyz Rep.,2018,25.61578656010969
2238,Latvia,2018,31.18238363453449
2239,"Lesotho, Kingdom of",2018,0.0
2240,Liberia,2018,0.0
2241,Lithuania,2018,30.16360378976065
2242,Luxembourg,2018,40.6199197043949
2243,"Madagascar, Rep. of",2018,0.0
2244,Malawi,2018,0.103169896087075
2245,Malaysia,2018,0.0
2246,Maldives,2018,0.0
2247,Malta,2018,30.88105395957122
2248,"Marshall Islands, Rep. of the",2018,30.2181392983306
2249,Mauritius,2018,20.19807946706119
2250,Mexico,2018,16.23258512808801
2251,"Micronesia, Federated States of",2018,7.01084547594956
2252,"Moldova, Rep. of",2018,28.84778284071708
2253,Mongolia,2018,26.18334410475111
2254,Morocco,2018,0.0
2255,Myanmar,2018,3.102978932025933
2256,Namibia,2018,29.53248222498487
2257,"Nauru, Rep. of",2018,33.8974670049599
2258,Nepal,2018,0.0
2259,"Netherlands, The",2018,38.84057484169627
2260,New Zealand,2018,2.10356602664447
2261,Nicaragua,2018,5.99149764390145
2262,"North Macedonia, Republic of",2018,26.32691050513183
2263,Norway,2018,39.68012605869609
2264,"Palau, Rep. of",2018,33.22924534456688
2265,Panama,2018,0.2423578893141534
2266,Paraguay,2018,14.18836196587207
2267,Peru,2018,16.70190735523109
2268,"Poland, Rep. of",2018,35.82461920619545
2269,Portugal,2018,36.78673737389985
2270,Romania,2018,26.74303648572049
2271,Russian Federation,2018,27.739608537122
2272,Rwanda,2018,16.86869368621433
2273,Samoa,2018,25.97894410222633
2274,"San Marino, Rep. of",2018,31.1748293646818
2275,Saudi Arabia,2018,11.77121807476869
2276,Senegal,2018,17.53922478643316
2277,"Serbia, Rep. of",2018,37.20744172342408
2278,Seychelles,2018,33.3066904782786
2279,Singapore,2018,13.1417170586072
2280,Slovak Rep.,2018,34.07250947327896
2281,"Slovenia, Rep. of",2018,37.58599517706621
2282,Somalia,2018,5.044595594190783
2283,South Africa,2018,28.75801473609135
2284,Spain,2018,35.19574754894831
2285,Sri Lanka,2018,0.0
2286,Sweden,2018,44.30342650196572
2287,Switzerland,2018,26.81932368733958
2288,"Tajikistan, Rep. of",2018,0.0
2289,"Tanzania, United Rep. of",2018,0.0
2290,Thailand,2018,17.45341615600678
2291,"Timor-Leste, Dem. Rep. of",2018,25.1869869226864
2292,Trinidad and Tobago,2018,0.0
2293,Tunisia,2018,0.0
2294,Turkey,2018,25.31285381833262
2295,Uganda,2018,11.11536088422312
2296,Ukraine,2018,32.59456386675382
2297,United Arab Emirates,2018,14.05086106102924
2298,United Kingdom,2018,33.6866044882043
2299,United States,2018,25.46476154751147
2300,Uruguay,2018,28.55015456126884
2301,"Uzbekistan, Rep. of",2018,24.40532611467251
2302,West Bank and Gaza,2018,6.112689085990024
2303,Zambia,2018,0.0
2304,"Afghanistan, Islamic Rep. of",2019,0.0
2305,Albania,2019,25.13046978794666
2306,Argentina,2019,16.30518018411192
2307,"Armenia, Rep. of",2019,22.67032102212858
2308,Australia,2019,28.03878482090606
2309,Austria,2019,42.96140807504688
2310,"Azerbaijan, Rep. of",2019,18.0396909930094
2311,"Bahamas, The",2019,0.0
2312,"Bahrain, Kingdom of",2019,0.0
2313,Barbados,2019,0.0
2314,"Belarus, Rep. of",2019,34.6106049913272
2315,Belgium,2019,45.2471643332641
2316,Bolivia,2019,0.0
2317,Bosnia and Herzegovina,2019,37.85084743673606
2318,Brazil,2019,34.55650789850953
2319,Bulgaria,2019,236.1477721258472
2320,Burkina Faso,2019,1.17968321002801
2321,Cabo Verde,2019,6.670511168976578
2322,Cambodia,2019,22.15994051175564
2323,Canada,2019,34.02570290023162
2324,Central African Rep.,2019,0.0
2325,Chile,2019,20.81015942982142
2326,"China, P.R.: Macao",2019,29.84641491372424
2327,"China, P.R.: Mainland",2019,0.0
2328,Colombia,2019,21.99124511898276
2329,"Congo, Rep. of",2019,0.0
2330,Costa Rica,2019,22.85519224755272
2331,"Croatia, Rep. of",2019,38.61107164694018
2332,Cyprus,2019,35.3105608176927
2333,Czech Rep.,2019,35.81237258969583
2334,Côte d'Ivoire,2019,12.94757340884413
2335,Denmark,2019,47.40319631827199
2336,Dominican Rep.,2019,13.5169205036343
2337,"Egypt, Arab Rep. of",2019,0.0
2338,El Salvador,2019,21.05012685659137
2339,"Estonia, Rep. of",2019,33.58186431773212
2340,"Ethiopia, The Federal Dem. Rep. of",2019,0.0
2341,Finland,2019,42.18545004727257
2342,France,2019,46.92417035364195
2343,Georgia,2019,24.08032678875932
2344,Germany,2019,41.24643355838032
2345,Ghana,2019,0.0
2346,Greece,2019,41.65299079127441
2347,Guatemala,2019,13.81819738205747
2348,Honduras,2019,0.0
2349,Hungary,2019,36.30109950197551
2350,Iceland,2019,34.87342693991035
2351,India,2019,0.0
2352,Indonesia,2019,11.07112000812365
2353,"Iran, Islamic Rep. of",2019,0.0
2354,Ireland,2019,22.58234149077903
2355,Israel,2019,30.88438002485992
2356,Italy,2019,42.39260679575325
2357,Jamaica,2019,1.1430534498735
2358,Japan,2019,32.42178922276793
2359,Jordan,2019,0.0
2360,"Kazakhstan, Rep. of",2019,15.6025743512434
2361,Kenya,2019,16.15315659266486
2362,Kiribati,2019,24.86073606677948
2363,"Korea, Rep. of",2019,4.81838709774842
2364,Kuwait,2019,0.0
2365,Kyrgyz Rep.,2019,25.8038235896268
2366,Latvia,2019,31.1725759409522
2367,"Lesotho, Kingdom of",2019,0.0
2368,Liberia,2019,0.0
2369,Lithuania,2019,30.41856967829441
2370,Luxembourg,2019,40.03780283517328
2371,"Madagascar, Rep. of",2019,0.0
2372,Malawi,2019,0.10666077378215
2373,Malaysia,2019,0.0
2374,Maldives,2019,0.0
2375,Malta,2019,30.36921519800493
2376,"Marshall Islands, Rep. of the",2019,0.0
2377,Mauritius,2019,21.1238874546684
2378,Mexico,2019,16.43349807397414
2379,"Micronesia, Federated States of",2019,6.70212414400008
2380,"Moldova, Rep. of",2019,27.82409390992877
2381,Mongolia,2019,0.0
2382,Morocco,2019,0.0
2383,Myanmar,2019,6.705883218048267
2384,Namibia,2019,0.0
2385,"Nauru, Rep. of",2019,0.0
2386,Nepal,2019,20.33126271246103
2387,"Netherlands, The",2019,39.29684953662424
2388,New Zealand,2019,2.17935634808134
2389,Nicaragua,2019,6.60413495009635
2390,"North Macedonia, Republic of",2019,27.26671125865761
2391,Norway,2019,40.35873446716527
2392,"Palau, Rep. of",2019,31.51936061898335
2393,Panama,2019,0.0
2394,Paraguay,2019,14.10614054381293
2395,Peru,2019,17.01781610900469
2396,"Poland, Rep. of",2019,35.76191567824046
2397,Portugal,2019,36.55280124007176
2398,Romania,2019,26.72860448635751
2399,Russian Federation,2019,27.50501313268591
2400,Rwanda,2019,17.13048431006131
2401,Samoa,2019,26.72451008394853
2402,"San Marino, Rep. of",2019,30.3792656423737
2403,Saudi Arabia,2019,10.2479909739388
2404,Senegal,2019,19.75150490630903
2405,"Serbia, Rep. of",2019,37.99697040490667
2406,Seychelles,2019,0.0
2407,Singapore,2019,13.3221422307881
2408,Slovak Rep.,2019,34.47537127065359
2409,"Slovenia, Rep. of",2019,37.48352370404662
2410,Somalia,2019,3.13591508892274
2411,South Africa,2019,28.97190022882349
2412,Spain,2019,35.22306378704164
2413,Sri Lanka,2019,0.0
2414,Sweden,2019,43.36768774040186
2415,Switzerland,2019,27.28752839349976
2416,"Tajikistan, Rep. of",2019,0.0
2417,"Tanzania, United Rep. of",2019,0.0
2418,Thailand,2019,17.1503646992871
2419,"Timor-Leste, Dem. Rep. of",2019,27.6960797413166
2420,Trinidad and Tobago,2019,0.0
2421,Tunisia,2019,0.0
2422,Turkey,2019,24.40163315609411
2423,Uganda,2019,11.59935065593837
2424,Ukraine,2019,32.52534691775215
2425,United Arab Emirates,2019,15.2147309409806
2426,United Kingdom,2019,33.57157893455713
2427,United States,2019,25.74771155591741
2428,Uruguay,2019,28.1110049162161
2429,"Uzbekistan, Rep. of",2019,24.03316611902572
2430,West Bank and Gaza,2019,0.0
2431,Zambia,2019,0.0
2432,"Afghanistan, Islamic Rep. of",2020,0.0
2433,Albania,2020,24.44938177014862
2434,Argentina,2020,0.0
2435,"Armenia, Rep. of",2020,22.35199604241423
2436,Australia,2020,28.0925807318345
2437,Austria,2020,42.4250608078619
2438,"Azerbaijan, Rep. of",2020,0.0
2439,"Bahamas, The",2020,0.0
2440,"Bahrain, Kingdom of",2020,0.0
2441,Barbados,2020,0.0
2442,"Belarus, Rep. of",2020,33.2213751226004
2443,Belgium,2020,45.98326155810245
2444,Bolivia,2020,0.0
2445,Bosnia and Herzegovina,2020,38.36546505689686
2446,Brazil,2020,33.77699785942175
2447,Bulgaria,2020,241.1801315264012
2448,Burkina Faso,2020,1.37845880798738
2449,Cabo Verde,2020,0.0
2450,Cambodia,2020,1.87688092972513
2451,Canada,2020,34.61745517380562
2452,Central African Rep.,2020,0.0
2453,Chile,2020,0.0
2454,"China, P.R.: Macao",2020,22.98054485103759
2455,"China, P.R.: Mainland",2020,0.0
2456,Colombia,2020,0.0
2457,"Congo, Rep. of",2020,0.0
2458,Costa Rica,2020,21.94968188747223
2459,"Croatia, Rep. of",2020,37.81828481142129
2460,Cyprus,2020,35.56329681824498
2461,Czech Rep.,2020,35.9455753260576
2462,Côte d'Ivoire,2020,0.0
2463,Denmark,2020,47.44494778200699
2464,Dominican Rep.,2020,0.0
2465,"Egypt, Arab Rep. of",2020,0.0
2466,El Salvador,2020,0.0
2467,"Estonia, Rep. of",2020,34.17288626738988
2468,"Ethiopia, The Federal Dem. Rep. of",2020,0.0
2469,Finland,2020,42.0664894067438
2470,France,2020,47.31338422657047
2471,Georgia,2020,22.44516873171825
2472,Germany,2020,41.27677012436303
2473,Ghana,2020,0.0
2474,Greece,2020,41.00042211903752
2475,Guatemala,2020,13.25574809859874
2476,Honduras,2020,0.0
2477,Hungary,2020,36.38813814623633
2478,Iceland,2020,36.04477611282481
2479,India,2020,0.0
2480,Indonesia,2020,0.0
2481,"Iran, Islamic Rep. of",2020,0.0
2482,Ireland,2020,20.72011832573911
2483,Israel,2020,0.0
2484,Italy,2020,42.87509952500468
2485,Jamaica,2020,0.0
2486,Japan,2020,0.0
2487,Jordan,2020,0.0
2488,"Kazakhstan, Rep. of",2020,13.53835775945187
2489,Kenya,2020,14.66362120927699
2490,Kiribati,2020,24.28840972851625
2491,"Korea, Rep. of",2020,0.0
2492,Kuwait,2020,0.0
2493,Kyrgyz Rep.,2020,0.0
2494,Latvia,2020,31.97789159638754
2495,"Lesotho, Kingdom of",2020,0.0
2496,Liberia,2020,0.0
2497,Lithuania,2020,31.39977559641684
2498,Luxembourg,2020,39.5272391375521
2499,"Madagascar, Rep. of",2020,0.0
2500,Malawi,2020,0.0802775330328235
2501,Malaysia,2020,0.0
2502,Maldives,2020,0.0
2503,Malta,2020,30.2609352009398
2504,"Marshall Islands, Rep. of the",2020,0.0
2505,Mauritius,2020,23.04143447765379
2506,Mexico,2020,18.03453614199542
2507,"Micronesia, Federated States of",2020,0.0
2508,"Moldova, Rep. of",2020,29.6094425622279
2509,Mongolia,2020,0.0
2510,Morocco,2020,0.0
2511,Myanmar,2020,0.0
2512,Namibia,2020,0.0
2513,"Nauru, Rep. of",2020,0.0
2514,Nepal,2020,19.06210001588316
2515,"Netherlands, The",2020,39.73528143532962
2516,New Zealand,2020,2.26598433705758
2517,Nicaragua,2020,6.69383959056394
2518,"North Macedonia, Republic of",2020,27.38071815321781
2519,Norway,2020,38.75319691221493
2520,"Palau, Rep. of",2020,0.0
2521,Panama,2020,0.0
2522,Paraguay,2020,13.53853205039916
2523,Peru,2020,0.0
2524,"Poland, Rep. of",2020,36.46490600333329
2525,Portugal,2020,37.4338569706469
2526,Romania,2020,27.09982712310417
2527,Russian Federation,2020,27.36487140571036
2528,Rwanda,2020,0.0
2529,Samoa,2020,27.01075931730842
2530,"San Marino, Rep. of",2020,0.0
2531,Saudi Arabia,2020,0.0
2532,Senegal,2020,18.46430972264748
2533,"Serbia, Rep. of",2020,38.56866289712352
2534,Seychelles,2020,0.0
2535,Singapore,2020,0.0
2536,Slovak Rep.,2020,35.28290630590873
2537,"Slovenia, Rep. of",2020,37.74470778805571
2538,Somalia,2020,0.0
2539,South Africa,2020,0.0
2540,Spain,2020,37.31509838245628
2541,Sri Lanka,2020,0.0
2542,Sweden,2020,43.29706665960314
2543,Switzerland,2020,27.88400096220889
2544,"Tajikistan, Rep. of",2020,0.0
2545,"Tanzania, United Rep. of",2020,0.0
2546,Thailand,2020,16.64745121596929
2547,"Timor-Leste, Dem. Rep. of",2020,0.0
2548,Trinidad and Tobago,2020,0.0
2549,Tunisia,2020,0.0
2550,Turkey,2020,25.07108828199581
2551,Uganda,2020,11.09953417771199
2552,Ukraine,2020,0.0
2553,United Arab Emirates,2020,12.45061039648516
2554,United Kingdom,2020,33.46443886689597
2555,United States,2020,26.37512844750225
2556,Uruguay,2020,0.0
2557,"Uzbekistan, Rep. of",2020,23.09294501177213
2558,West Bank and Gaza,2020,0.0
2559,Zambia,2020,0.0
